1,What does JVM stand for?,Java Virtual Manager,Incorrect,Java Virtual Machine,Java Variable Manager,C,"JVM stands for Java Virtual Machine, which is responsible for executing Java bytecode.",Java Fundamentals,text,
2,What is the main purpose of the JVM?,Incorrect,To compile Java source code,To manage memory only,To handle user interfaces,B,The JVM provides platform independence by executing Java bytecode on any system that has a JVM installed.,Java Fundamentals,text,
3,What does JDK stand for?,Java Development Kit,Incorrect,Java Design Kit,Java Distribution Kit,A,"JDK stands for Java Development Kit, which includes tools for developing Java applications.",Java Fundamentals,text,
4,What does JRE stand for?,Java Runtime Environment,Incorrect,Java Remote Environment,Java Robust Environment,A,"JRE stands for Java Runtime Environment, which provides the runtime support for Java applications.",Java Fundamentals,text,
5,Which of the following is included in the JDK but not in the JRE?,Incorrect,Java Virtual Machine,Java compiler (javac),Runtime classes,C,"The JDK includes the Java compiler (javac) for compiling source code, while the JRE only contains runtime components.",Java Fundamentals,text,
6,What is bytecode in Java?,Incorrect,Source code written by programmers,Intermediate code that runs on JVM,Compiled native code,C,Bytecode is intermediate code generated by the Java compiler that runs on the Java Virtual Machine.,Java Fundamentals,text,
7,Which feature makes Java platform-independent?,Incorrect,Object-oriented programming,Bytecode and JVM,Strong typing system,C,"Java achieves platform independence through bytecode that runs on the JVM, allowing 'write once, run anywhere'.",Java Fundamentals,text,
8,"What does 'Write Once, Run Anywhere' (WORA) mean in Java?",Code can be written on any text editor,Java bytecode can run on any platform that has a JVM installed,Incorrect,Applications run faster on all platforms,B,WORA means that Java code compiled to bytecode can run on any platform that has a JVM installed.,Java Fundamentals,text,
9,Which of the following is NOT a feature of Java?,Incorrect,Object-oriented,Manual memory management,Multithreading,C,"Java features automatic memory management through garbage collection, not manual memory management.",Java Fundamentals,text,
10,What is garbage collection in Java?,Manual deletion of objects,Automatic memory management system,Compilation process,Code optimization technique,B,Garbage collection is Java's automatic memory management system that reclaims memory used by objects no longer referenced.,Java Fundamentals,text,
11,How many primitive data types are there in Java?,6,7,8,9,C,"Java has 8 primitive data types: byte, short, int, long, float, double, char, and boolean.",Java Fundamentals,text,
12,Which of the following is a primitive data type in Java?,Incorrect,String,int,Array,C,"int is a primitive data type in Java. String, Integer, and Array are reference types.",Java Fundamentals,text,
13,What is the size of an int in Java?,16 bits,32 bits,64 bits,Platform dependent,B,An int in Java is always 32 bits (4 bytes) regardless of the platform.,Java Fundamentals,text,
14,What is the size of a long in Java?,32 bits,64 bits,128 bits,Platform dependent,B,A long in Java is always 64 bits (8 bytes).,Java Fundamentals,text,
15,Which primitive data type is used to store a single character?,char,Incorrect,character,text,A,char is the primitive data type used to store a single Unicode character in Java.,Java Fundamentals,text,
16,What is the default value of a boolean variable in Java?,FALSE,TRUE,null,undefined,A,The default value of a boolean variable in Java is false.,Java Fundamentals,text,
17,What is the default value of an int variable in Java?,0,1,-1,null,A,The default value of an int variable in Java is 0.,Java Fundamentals,text,
18,Which of the following is a reference data type?,Incorrect,int,String,boolean,C,"String is a reference data type in Java, while int, char, and boolean are primitive types.",Java Fundamentals,text,
19,What is the difference between primitive and reference data types?,No difference,Primitive types store actual values,References are faster,Primitives use more memory,B,"Primitive types store actual values, while reference types store memory addresses pointing to objects.",Java Fundamentals,text,
20,Which primitive type has the largest range?,Incorrect,int,float,double,D,"While a 64-bit integer type like long can store a very large range of whole numbers, a 64-bit floating-point type like double uses some of its bits for an exponent, allowing it to represent an astronomically larger range of numbers, including both very small and very large decimal values.",Java Fundamentals,text,
21,What happens when you don't initialize a local variable in Java?,Incorrect,It gets default value,Compilation error,Runtime error,C,"Local variables must be explicitly initialized before use, otherwise it results in a compilation error.",Java Fundamentals,text,
22,Which keyword is used to declare a variable whose value cannot be changed?,Incorrect,static,final,immutable,C,The final keyword is used to declare constants in Java - variables whose values cannot be changed.,Java Fundamentals,text,
23,What is the correct way to declare a constant in Java?,const int MAX = 100;,final int MAX = 100;,constant int MAX = 100;,static int MAX = 100;,B,"Constants are declared using the final keyword, often combined with static for class-level constants.",Java Fundamentals,text,
24,Which naming convention is correct for Java class names?,camelCase,PascalCase,snake_case,kebab-case,B,"Java class names should follow PascalCase convention where the first letter of each word is capitalized (e.g., MyClass, StudentRecord).",Java Fundamentals,text,
25,What is the correct naming convention for Java method names?,Incorrect,PascalCase,snake_case,UPPER_CASE,B,"Java method names should follow camelCase convention where the first letter is lowercase and subsequent words start with uppercase (e.g., getName, calculateTotal).",Java Fundamentals,text,
26,Which naming convention should be used for Java constants?,PascalCase,camelCase,snake_case,UPPER_CASE,D,"Java constants should be declared in UPPER_CASE with underscores separating words (e.g., MAX_SIZE, DEFAULT_VALUE).",Java Fundamentals,text,
27,What is a constructor in Java?,A method that destroys objects,A method called when an object is created,A method that copies objects,A method that compares objects,B,A constructor is a special method that is called when an object is instantiated. It has the same name as the class and no return type.,OOP Concepts,text,
28,Can a constructor have a return type?,Incorrect,"Yes, always void","No, never",Only primitive types,C,"Constructors cannot have a return type, not even void. They are special methods used only for object initialization.",OOP Concepts,text,
29,What does the 'this' keyword refer to?,Incorrect,The parent class,The next object,A static method,B,The 'this' keyword refers to the current instance of the class. It's used to access instance variables and methods of the current object.,Java Fundamentals,text,
30,What does the 'super' keyword refer to?,Incorrect,The current class,The parent class,A static class,C,"The 'super' keyword refers to the immediate parent class. It's used to access parent class methods, constructors, and variables.",Java Fundamentals,text,
31,What is constructor overloading?,Incorrect,Multiple constructors with same parameters,One constructor per class,Constructors with return types,B,"Constructor overloading allows a class to have multiple constructors with different parameter lists, enabling different ways to initialize objects.",OOP Concepts,text,
32,What happens if you don't define any constructor in a class?,Incorrect,Compilation error,Java provides a default no-argument constructor,Class cannot be instantiated,C,"If no constructor is explicitly defined, Java automatically provides a default no-argument constructor that calls the superclass constructor.",OOP Concepts,text,
33,What is constructor chaining?,Incorrect,Calling multiple constructors,Linking constructors together,Inheriting constructors,C,Constructor chaining occurs when one constructor calls another constructor of the same class using this() or calls the parent class constructor using super().,OOP Concepts,text,
34,Which keyword is used to call another constructor in the same class?,super(),this(),call(),invoke(),B,The this() keyword is used to call another constructor in the same class. It must be the first statement in the constructor.,OOP Concepts,text,
35,Which keyword is used to call the parent class constructor?,parent(),super(),this(),base(),B,"The super() keyword is used to call the parent class constructor. If not explicitly called, Java automatically calls the no-argument constructor of the parent class.",OOP Concepts,text,
36,Can a constructor call both this() and super()?,Incorrect,"Yes, in any order","Yes, but super() must come first","No, only one can be called",D,"A constructor cannot call both this() and super() because both must be the first statement in the constructor, and you can only have one first statement.",OOP Concepts,text,
37,Where must a call to this() or super() appear in a constructor?,Incorrect,Anywhere in the constructor,As the last statement only,In the middle of the constructor,B,Calls to this() or super() must be the very first statement in a constructor. This is a strict rule enforced by the Java compiler - no other code can appear before these calls.,OOP Concepts,text,
38,Which operator is used for integer division in Java?,/,/,//,div,A,"The / operator performs division. For integers, it returns the quotient without the remainder (integer division).",Java Fundamentals,text,
39,What does the % operator do in Java?,Incorrect,Division,Modulus (remainder),Percentage,C,"The % operator returns the remainder after division. For example, 10 % 3 returns 1.",Java Fundamentals,text,
40,Which operator has the highest precedence?,"The Additive ""+, -"" from left-to-right","The ""&&"" Logical AND from left-to-right","The ""++/--"" Post-increment/decrement from left-to-right","The Multiplicative ""*, /, %"" from left-to-right",C,The increment (++) and decrement (--) operators have higher precedence than arithmetic operators like + and *.,Java Fundamentals,text,
41,What is the difference between ++i and i++?,Incorrect,"""++i"" (pre-increment) increments the value before using it, while ""i++"" (post-increment) uses the current value then increments.",No difference,Incorrect,B,"++i (pre-increment) increments the value before using it, while i++ (post-increment) uses the current value then increments.",Java Fundamentals,text,
42,Which operator is used for logical AND in Java?,Incorrect,&,|,||,B,"The && operator is used for logical AND. It short-circuits, meaning if the first operand is false, the second is not evaluated.",Java Fundamentals,text,
43,What does the == operator compare for objects?,Incorrect,Object content,Object type,Object methods,B,"For objects, == compares references (memory addresses), not the actual content. Use .equals() to compare content.",Java Fundamentals,text,
44,Which operator is used for bitwise XOR?,^,Incorrect,|,~,A,"The ^ operator performs bitwise XOR (exclusive OR). It returns 1 when bits are different, 0 when they are the same.",Java Fundamentals,text,
45,What is the ternary operator in Java?,?:,Incorrect,?!,?=,A,The ternary operator ?: is a shorthand for if-else. Syntax: condition ? value_if_true : value_if_false.,Java Fundamentals,text,
46,Which assignment operator is used for adding and assigning?,Incorrect,"""+=""",++,=++,B,"The += operator adds the right operand to the left operand and assigns the result to the left operand (e.g., x += 5 is equivalent to x = x + 5).",Java Fundamentals,text,
47,What does the instanceof operator do?,Checks object type,Incorrect,Compares instances,Deletes instance,A,The instanceof operator checks whether an object is an instance of a specific class or implements a specific interface.,Java Fundamentals,text,
48,What is the difference between & and && operators?,No difference,"& is bitwise, && is logical","& is logical, && is bitwise",Both are the same logical operator,B,"& performs bitwise AND on all bits, while && is logical AND with short-circuit evaluation (stops if first operand is false).",Java Fundamentals,text,
49,What does the ~ operator do in Java?,Incorrect,Logical NOT,Assignment,Comparison,B,"The ~ operator performs bitwise NOT (complement), flipping all bits in the operand (0 becomes 1, 1 becomes 0).",Java Fundamentals,text,
50,Which operator has higher precedence: * or +?,Incorrect,* has higher precedence,Both have same precedence,Depends on context,B,"Multiplication (*) has higher precedence than addition (+), so 2 + 3 * 4 equals 14, not 20.",Java Fundamentals,text,
51,What is the result of 5 >> 2 in Java?,1,2,10,20,A,"The >> operator performs right shift. 5 in binary is 101, shifting right by 2 positions gives 1 (decimal 1).",Java Fundamentals 2,text,
52,What does the <<= operator do?,Left shift and assign,Left shift and assign,Bitwise OR and assign,Bitwise AND and assign,A,"The <<= operator performs left shift operation and assigns the result back to the left operand (e.g., x <<= 2 is equivalent to x = x << 2).",Java Fundamentals 2,text,
53,What is the difference between == and .equals()?,No difference,No difference,"== compares content, .equals() compares references",Both compare references,B,"== compares object references (memory addresses), while .equals() method compares the actual content/values of objects.",Java Fundamentals 2,text,
54,Which logical operator performs short-circuit evaluation?,&,&,&&,^,C,"The && operator performs short-circuit evaluation - if the first operand is false, it doesn't evaluate the second operand.",Java Fundamentals 2,text,
55,What is the result of true ^ false in Java?,TRUE,FALSE,Compilation error,Runtime error,A,"The ^ (XOR) operator returns true when operands are different. Since true ^ false has different boolean values, the result is true.",Java Fundamentals 2,text,
56,Which operator is used for string concatenation?,+,+,||,++,A,"The + operator is used for string concatenation in Java. When one operand is a String, the other is converted to String and concatenated.",Java Fundamentals 2,text,
57,What does the |= operator do?,Bitwise OR and assign,Incorrect,Bitwise XOR and assign,Bitwise AND and assign,A,"The |= operator performs bitwise OR operation and assigns the result back to the left operand (e.g., x |= 3 is equivalent to x = x | 3).",Java Fundamentals 2,text,
58,Which loop is guaranteed to execute at least once?,for loop,for loop,do-while loop,enhanced for loop,C,"The do-while loop executes the body first, then checks the condition, guaranteeing at least one execution.",Control Flow,text,
59,What does the break statement do in a loop?,Skips current iteration,Skips current iteration,Restarts the loop,Pauses the loop,B,The break statement immediately exits the current loop and transfers control to the statement after the loop.,Control Flow,text,
60,What does the continue statement do in a loop?,Exits the loop,Exits the loop,Restarts the loop from beginning,Pauses the loop,B,The continue statement skips the remaining statements in the current iteration and moves to the next iteration.,Control Flow,text,
61,Which keyword is used in switch statements for unmatched cases?,else,else,other,catch,B,The default keyword handles cases that don't match any of the specified case values in a switch statement.,Control Flow,text,
62,What happens if you forget break in a switch case?,Compilation error,Compilation error,Runtime error,Nothing happens,B,"Without break, execution falls through to the next case, executing subsequent case blocks until a break is encountered.",Control Flow,text,
63,Which data types can be used in switch statements?,"int, char, String, enum","int, char, String, enum",All primitive types,Only String,A,"Switch statements support int, char, byte, short, String (Java 7+), and enum types, but not float or double.",Control Flow,text,
64,What is an enhanced for loop (for-each) used for?,Mathematical calculations,Mathematical calculations,Creating loops,Breaking loops,B,Enhanced for loop (for-each) is used to iterate over arrays and collections without managing index variables.,Control Flow,text,
65,Which loop checks the condition before executing the body?,Incorrect,do-while,only for,only while,B,"Both for and while loops are entry-controlled, checking the condition before executing the loop body.",Control Flow,text,
66,Can you use break with a label in Java?,"No, labels are not supported","No, labels are not supported",Only with while loops,Only with for loops,B,Labeled break allows you to break out of outer loops in nested loop structures by specifying a label.,Control Flow,text,
67,What is the syntax for enhanced for loop?,for(type var : collection),for(type var : collection),foreach(var : collection),for(var of collection),A,Enhanced for loop syntax is: for(dataType variable : array/collection) where variable takes each element.,Control Flow,text,
68,What happens when you use continue in a nested loop?,Continues outer loop,Continues outer loop,Continues all loops,Compilation error,B,"The continue statement affects only the innermost loop where it appears, skipping to the next iteration of that loop.",Control Flow,text,
69,Can you use multiple default cases in a switch statement?,"Yes, unlimited","Yes, unlimited","No, only one default allowed",Depends on Java version,C,A switch statement can have at most one default case. Multiple default cases will cause a compilation error.,Control Flow,text,
70,What is the difference between break and return in a loop?,No difference,No difference,"break exits method, return exits loop",Both exit the loop,B,"break exits only the current loop and continues with the next statement, while return exits the entire method.",Control Flow,text,
71,In which order are case labels evaluated in a switch?,Random order,Random order,Order of appearance,Numerical order,C,"Case labels in a switch statement are evaluated in the order they appear in the code, not in numerical or alphabetical order.",Control Flow,text,
72,What happens if you use break without a loop or switch?,Runtime error,Runtime error,Program terminates,Nothing happens,B,"Using break outside of a loop, switch, or labeled statement results in a compilation error.",Control Flow,text,
73,Can you declare variables inside a switch case?,"No, not allowed","Yes, always allowed",Incorrect,Only final variables,B,"Variables can be declared in switch cases, but should be enclosed in braces to avoid scope issues and potential compilation errors.",Control Flow,text,
74,What is the maximum nesting level for loops in Java?,10 levels,11 levels,No specific limit,256 levels,C,"Java does not impose a specific limit on loop nesting levels, but practical limits depend on stack size and readability.",Control Flow,text,
75,Which statement can be used to exit multiple nested loops at once?,break,break,labeled break,return,C,Labeled break allows you to exit multiple nested loops by specifying a label placed before the outer loop.,Control Flow,text,
76,What happens if a switch expression has no matching case and no default?,Compilation error,Compilation error,No code executes,Returns null,C,"If no case matches and there's no default case, no code in the switch executes and control passes to the next statement.",Control Flow,text,
77,Can you use continue with a labeled statement?,"No, only break supports labels","No, only break supports labels",Only in while loops,Only in for loops,B,Labeled continue allows you to skip to the next iteration of an outer loop in nested loop structures.,Control Flow,text,
78,How do you declare an array of integers in Java?,int[] numbers;,int numbers[];,Both A and B are correct,int array numbers;,C,"Both 'int[] numbers;' and 'int numbers[];' are valid array declaration syntaxes in Java, though the first is preferred.",Java Fundamentals 2,text,
79,What is the default value for elements in an integer array?,null,null,undefined,1,B,Integer arrays are initialized with default value 0 for all elements when created.,Java Fundamentals 2,text,
80,How do you access the length of an array named 'arr'?,arr.length(),arr.length(),arr.length,arr.getLength(),C,"Array length is accessed using the 'length' field (not a method), so it's arr.length without parentheses.",Java Fundamentals 2,text,
81,What exception is thrown when accessing an invalid array index?,IndexOutOfBoundsException,IndexOutOfBoundsException,IllegalArgumentException,NullPointerException,B,ArrayIndexOutOfBoundsException is thrown when trying to access an array element with an invalid index.,Java Fundamentals 2,text,
82,Which of these correctly initializes an array with values?,"int[] arr = {1, 2, 3};","int[] arr = {1, 2, 3};",Both A and B,"int[] arr = new int[3]{1, 2, 3};",C,"Both array literal syntax {1, 2, 3} and new int[]{1, 2, 3} are valid initialization methods.",Java Fundamentals 2,text,
83,What is the index of the first element in a Java array?,1,2,-1,Depends on declaration,B,"Java arrays are zero-indexed, meaning the first element is at index 0.",Java Fundamentals 2,text,
84,Can you change the size of an array after creation?,"Yes, using resize()","Yes, using resize()","No, arrays have fixed size","Yes, using extend()",C,Arrays in Java have a fixed size that cannot be changed after creation. Use ArrayList for dynamic sizing.,Java Fundamentals 2,text,
85,How do you declare a 2D array of integers?,int[][] matrix;,int[][] matrix;,Both A and B,int[2][2] matrix;,C,Both 'int[][] matrix;' and 'int matrix[][];' are valid 2D array declaration syntaxes.,Java Fundamentals 2,text,
86,What does 'new int[5]' create?,"An array with values 1,2,3,4,5","An array with values 1,2,3,4,6",An array with 5 null values,An array with random values,B,'new int[5]' creates an integer array of size 5 with all elements initialized to 0.,Java Fundamentals 2,text,
87,Which method can be used to convert an array to a string representation?,Arrays.toString(),Arrays.toString(),toString(),printArray(),A,Arrays.toString() is a utility method that returns a string representation of the array contents.,Java Fundamentals 2,text,
88,What happens when you try to access arr[-1] in Java?,Returns the last element,Returns the last element,Returns null,Compilation error,B,Negative indices are invalid in Java arrays and will throw ArrayIndexOutOfBoundsException at runtime.,Java Fundamentals 2,text,
89,Which statement about array assignment is correct?,int[] a = b; copies all elements,int[] a = b; copies all elements,int[] a = b; creates a new array,Arrays cannot be assigned,B,"Array assignment creates a reference to the same array object, not a copy. Both variables point to the same memory location.",Java Fundamentals 2,text,
90,What is the output of: int[] arr = new int[3]; System.out.println(arr[0] + arr[1] + arr[2]);,0,1,undefined,NullPointerException,A,"New integer arrays are initialized with default value 0 for all elements, so 0 + 0 + 0 = 0.",Java Fundamentals 2,text,
91,How do you create a jagged array (array of arrays with different lengths)?,int[][] arr = new int[3][]; arr[0] = new int[2];,int[][] arr = new int[3][]; arr[0] = new int[2];,"int[][] arr = {{1,2},{3,4,5}};",Both A and C,D,"Jagged arrays can be created by declaring the first dimension and then individually creating arrays of different sizes, or using array literals.",Java Fundamentals 2,text,
92,What happens if you don't initialize an array element in an object array?,Compilation error,Compilation error,null,Random value,C,Object arrays are initialized with null references for all elements until explicitly assigned.,Java Fundamentals 2,text,
93,Which is true about Arrays.equals() vs ==?,Both compare references,"""== compares references, Arrays.equals() compares content""",Both compare content,"Arrays.equals() compares references, == compares content",B,"Arrays.equals() performs deep comparison of array contents, while == only compares if both variables reference the same array object.",Java Fundamentals 2,text,
94,"What is the difference between int[] arr = new int[5] and int[] arr = new int[]{1,2,3,4,5}?",No difference,No difference,First is invalid syntax,Second creates larger array,B,"The first creates an array with 5 zero values, the second creates an array with the specified values 1,2,3,4,5.",Java Fundamentals 2,text,
95,"In a 2D array int[][] matrix = new int[3][4], what is matrix.length?",3,4,7,12,A,"matrix.length returns the number of rows (first dimension), which is 3. matrix[0].length would return 4 (columns).",Java Fundamentals 2,text,
96,"What happens with: int[] arr1 = {1,2,3}; int[] arr2 = arr1; arr2[0] = 5; System.out.println(arr1[0]);",1,2,Compilation error,ArrayIndexOutOfBoundsException,B,"Since arr2 references the same array as arr1, modifying arr2[0] also changes arr1[0]. Output is 5.",Java Fundamentals 2,text,
97,Which method correctly copies an array?,System.arraycopy(),System.arraycopy(),clone(),All of the above,D,"All three methods can copy arrays: System.arraycopy() for partial copying, Arrays.copyOf() for full copying with potential resizing, and clone() for exact duplicate.",Java Fundamentals 2,text,
98,What is the maximum size of an array in Java?,Integer.MAX_VALUE,Integer.MAX_VALUE,Integer.MAX_VALUE - 8,No specific limit,C,"The maximum array size is typically Integer.MAX_VALUE - 2 to Integer.MAX_VALUE - 8, depending on JVM implementation, to reserve space for header information.",Java Fundamentals 2,text,
99,"In enhanced for loop 'for(int x : arr)', can you modify array elements?","Yes, x changes the array","Yes, x changes the array",Only if array is not final,Depends on array type,B,The enhanced for loop variable x is a copy of the array element. Modifying x does not change the original array element.,Java Fundamentals 2,text,
100,What happens when comparing arrays with equals(): arr1.equals(arr2)?,Compares content,Compares content,Always returns false,Compilation error,B,"Array's equals() method (inherited from Object) compares references, not content. Use Arrays.equals() for content comparison.",Java Fundamentals 2,text,
101,Which creates a 3D array correctly?,int[][][] cube = new int[2][3][4];,int[][][] cube = new int[2][3][4];,int[][][] cube = new int[2][][]; cube[0] = new int[3][4];,All of the above,D,"All three syntaxes are valid for creating 3D arrays in Java, including mixed notation and partial initialization.",Java Fundamentals 2,text,
102,"What is the output: int[] arr = {10, 20, 30}; arr = new int[]{40, 50}; System.out.println(arr.length);",3,4,5,Compilation error,B,"The array reference is reassigned to a new array with 2 elements. The original array {10,20,30} becomes eligible for garbage collection.",Java Fundamentals 2,text,
103,What is the range of byte data type in Java?,-128 to 127,-128 to 128,0 to 255,-127 to 128,A,"byte is an 8-bit signed integer with range from -128 to 127, using two's complement representation.",Java Fundamentals,text,
104,What is the range of short data type in Java?,"-32,768 to 32,767","-32,768 to 32,768","0 to 65,535","-32,767 to 32,768",A,"short is a 16-bit signed integer with range from -32,768 to 32,767.",Java Fundamentals,text,
105,What is the difference between float and double precision?,No difference,No difference,"float: 64-bit, double: 32-bit",Both are 32-bit,B,"float is 32-bit single precision (~7 decimal digits), double is 64-bit double precision (~15-17 decimal digits).",Java Fundamentals,text,
106,How do you specify a float literal in Java?,10.5,11.5,10.5d,10.5Float,B,"Float literals must have 'f' or 'F' suffix, otherwise they're treated as double by default.",Java Fundamentals,text,
107,What happens during implicit type conversion from int to long?,Compilation error,Compilation error,Automatic widening,Explicit cast required,C,Widening conversion from smaller to larger type happens automatically without data loss.,Java Fundamentals,text,
108,What happens during explicit type conversion from long to int?,Automatic conversion,Automatic conversion,Possible data loss,Always safe,C,"Narrowing conversion may cause data loss if the long value exceeds int range, requiring explicit cast.",Java Fundamentals,text,
109,What is the correct way to declare a binary literal in Java?,0b1010,0b1011,bin1010,binary(1010),A,Binary literals use '0b' or '0B' prefix followed by binary digits (Java 7+).,Java Fundamentals,text,
110,What is the correct way to declare a hexadecimal literal?,0x1A,0x1A,hex1A,#1A,A,"Hexadecimal literals use '0x' or '0X' prefix followed by hex digits (0-9, A-F).",Java Fundamentals,text,
111,What is the result of: byte b = 200;,Compilation error,Runtime error,b = 200,b = -56,A,"200 exceeds byte range (-128 to 127), causing compilation error without explicit cast.",Java Fundamentals,text,
112,What is integer overflow behavior in Java?,Throws exception,Throws exception,Wraps around,Returns maximum value,C,"Integer overflow wraps around using two's complement arithmetic (e.g., Integer.MAX_VALUE + 1 = Integer.MIN_VALUE).",Java Fundamentals 3,text,
113,What is the difference between '\\n' and 10 in char context?,No difference,No difference,Both are strings,"First is string, second is char",A,"Both represent the same value (newline), '\\n' is character literal, 10 is numeric literal for same Unicode value.",Java Fundamentals 3,text,
114,What is the Unicode range for char data type?,0 to 127,1 to 127,"0 to 65,535","0 to 1,114,111",C,"char is 16-bit unsigned integer representing Unicode characters from 0 to 65,535 (\\u0000 to \\uFFFF).",Java Fundamentals 3,text,
115,What is the scope of a local variable?,Entire class,Entire class,Block where it's declared,Entire package,C,Local variables have block scope - they're accessible only within the block {} where they're declared.,Java Fundamentals 2,text,
116,What is variable shadowing in Java?,Variable hiding,Variable hiding,Variable overloading,Variable deletion,A,"Variable shadowing occurs when a local variable has the same name as an instance variable, hiding the instance variable.",Java Fundamentals 2,text,
117,When are static variables initialized?,When object is created,When object is created,When method is called,When program starts,B,"Static variables are initialized when the class is first loaded by the JVM, before any instances are created.",Java Fundamentals 2,text,
118,What is a blank final variable?,Final variable without value,Final variable without value,Final variable declared but not initialized,Static final variable,C,"Blank final is a final variable declared without initialization, must be initialized in constructor or instance block.",Java Fundamentals 2,text,
119,Can you reassign a final variable?,"Yes, always","Yes, always",Only in constructor,Only if it's static,B,"Final variables cannot be reassigned once initialized, ensuring immutability of the reference.",Java Fundamentals 2,text,
120,What is the difference between instance and static variables?,No difference,"Static: per class, Instance: per object","Static: per object, Instance: per class",Both are per object,B,"Instance variables are unique per object instance, static variables are shared across all instances of the class.",Java Fundamentals 2,text,
121,What is the initialization order for variables?,"Local, instance, static","Local, instance, static","Instance, static, local",Random order,B,"Initialization order: Static variables first (when class loads), then instance variables (when object created), then local variables (when accessed).",Java Fundamentals 2,text,
122,What happens to uninitialized instance variables?,Compilation error,Compilation error,Become null,Runtime error,B,"Instance variables automatically get default values (0 for numbers, false for boolean, null for objects) if not explicitly initialized.",Java Fundamentals 2,text,
123,What is the correct syntax for declaring a method in Java?,methodName() { },methodName() { },public returnType methodName() { },returnType methodName() { },C,"Method declaration requires access modifier, return type, method name, and parameter list: public int methodName(parameters) { }",Java Fundamentals 2,text,
124,What is method overloading in Java?,"Same method name, different implementations","Same method name, different implementations","Same method name, different return types","Same method name, same parameters",B,"Method overloading allows multiple methods with the same name but different parameter lists (number, type, or order).",Java Fundamentals 2,text,
125,Can two methods have the same name and parameters but different return types?,"Yes, always allowed","Yes, always allowed","Yes, if access modifiers differ",Only in different classes,B,Methods with same name and parameters but different return types cause compilation error - return type alone cannot distinguish overloaded methods.,Java Fundamentals 2,text,
126,What is the difference between parameters and arguments?,No difference,No difference,"Arguments are in method definition, parameters are passed values",Both are the same thing,B,"Parameters are variables in method definition, arguments are actual values passed when calling the method.",Java Fundamentals 2,text,
127,What happens if a method doesn't have a return statement but declares a return type?,Runtime error,Runtime error,Returns null,Returns default value,B,"Non-void methods must have a return statement on all execution paths, otherwise compilation error occurs.",Java Fundamentals 2,text,
128,What is the return type for a method that doesn't return anything?,Incorrect,null,void,None,C,Methods that don't return a value use 'void' as the return type.,Java Fundamentals 2,text,
129,Can a method have multiple return statements?,"No, only one allowed","No, only one allowed","Yes, all execute",Compilation error,B,"A method can have multiple return statements, but only one will execute per method call depending on program flow.",Java Fundamentals 2,text,
130,What is pass-by-value in Java?,Passing variable names,Passing variable names,Passing copies of values,Passing object references,C,"Java uses pass-by-value: for primitives, the value is copied; for objects, the reference value is copied.",Java Fundamentals 2,text,
131,What happens when you pass an object to a method?,The object itself is copied,The object itself is copied,The object becomes immutable,The object is moved,B,"When passing objects, a copy of the reference is passed, allowing the method to modify the object's state.",Java Fundamentals 2,text,
132,What is method signature in Java?,Method name only,Method name only,Method name + parameters,Method name + parameters + return type,C,Method signature consists of method name and parameter list (types and order). Return type is not part of the signature.,Java Fundamentals 2,text,
133,Can a method call itself?,"No, not allowed","Yes, through recursion",Only static methods,Only in constructors,B,"Methods can call themselves recursively, but must have a base case to prevent infinite recursion.",Java Fundamentals 3,text,
134,What is the maximum number of parameters a method can have?,64,65,255,No practical limit,D,"Java has no practical limit on method parameters, though very long parameter lists are discouraged for readability.",Java Fundamentals 3,text,
135,What happens if you don't specify an access modifier for a method?,Compilation error,Compilation error,Private access,Package-private access,D,"Without explicit access modifier, methods have package-private (default) access, visible within the same package.",Java Fundamentals 3,text,
136,Can static methods access instance variables directly?,"Yes, always","Yes, always",Only final variables,Only if static,B,"Static methods cannot directly access instance variables because they belong to the class, not to any specific instance.",Java Fundamentals 3,text,
137,What is variable arguments (varargs) in Java?,Incorrect,Fixed number of parameters,Different types of parameters,No parameters,B,Varargs allows methods to accept variable number of parameters of the same type using Type... syntax.,Java Fundamentals 3,text,
138,What is the correct varargs syntax?,method(int... nums),method(int... nums),method(int nums...),method(...int nums),A,Varargs syntax uses three dots after the type: returnType methodName(Type... paramName).,Java Fundamentals 3,text,
139,Where must varargs parameter be placed in method signature?,Incorrect,First parameter,Any position,Middle parameter,B,Varargs parameter must be the last parameter in the method signature.,Java Fundamentals 3,text,
140,What is method hiding in Java?,Instance method overriding,Instance method overriding,Method overloading,Static method in subclass with same signature,D,Method hiding occurs when a subclass declares a static method with the same signature as a static method in superclass.,Java Fundamentals 3,text,
141,Can you override a static method?,"Yes, with @Override",No,"Yes, but only in interfaces",Only with same return type,B,"Static methods cannot be overridden, they are hidden. The method called depends on the declared type, not runtime type.",Java Fundamentals 3,text,
142,What is the difference between method overriding and method hiding?,No difference,No difference,"Hiding: instance methods, Overriding: static methods",Both are the same concept,B,"Method overriding applies to instance methods (polymorphic), method hiding applies to static methods (not polymorphic).",Java Fundamentals 3,text,
143,What are the four pillars of Object-Oriented Programming?,"Encapsulation, Inheritance, Polymorphism, Abstraction","Encapsulation, Inheritance, Polymorphism, Abstraction","Public, Private, Protected, Static","Creation, Destruction, Modification, Access",A,"The four fundamental principles of OOP are Encapsulation (data hiding), Inheritance (code reuse), Polymorphism (many forms), and Abstraction (hiding complexity).",OOP Concepts,text,
144,What is encapsulation in Java?,Making all variables public,Making all variables public,Creating multiple classes,Using static methods only,B,"Encapsulation is the practice of hiding internal data and providing controlled access through methods, bundling data and methods that operate on that data.",OOP Concepts,text,
145,How is encapsulation achieved in Java?,Using public variables,Using public variables,Using only static methods,Using abstract classes,B,Encapsulation is achieved by making instance variables private and providing public getter and setter methods to access and modify them.,OOP Concepts,text,
146,What is inheritance in Java?,Creating new objects,Creating new objects,Deleting unused classes,Making all methods static,B,"Inheritance allows a class (subclass) to inherit fields and methods from another class (superclass), promoting code reusability and establishing is-a relationships.",OOP Concepts,text,
147,Which keyword is used to implement inheritance in Java?,inherits,inherits,implements,super,B,"The 'extends' keyword is used to establish inheritance between classes, allowing the subclass to inherit from the superclass.",OOP Concepts,text,
148,What is polymorphism in Java?,Having multiple constructors,Having multiple constructors,Creating multiple objects,Using multiple inheritance,B,"Polymorphism allows objects of different classes to be treated as objects of a common base class, with the same interface behaving differently based on the actual object type.",OOP Concepts,text,
149,What are the two types of polymorphism in Java?,Static and Dynamic,Static and Dynamic,Method overloading and Method overriding,Early and Late binding,C,The two types are Method Overloading (compile-time polymorphism) and Method Overriding (runtime polymorphism).,OOP Concepts,text,
150,What is method overriding?,Same class with same method signature,Different class (subclass) with the same method signature,Creating new method with different name,Deleting parent class method,B,Method overriding occurs when a subclass provides a specific implementation of a method that is already defined in its superclass.,OOP Concepts,text,
151,What is abstraction in Java?,Showing all implementation details,Showing all implementation details,Creating concrete classes only,Using only primitive data types,B,"Abstraction hides the implementation details from the user and shows only the essential features, reducing complexity and increasing efficiency.",OOP Concepts,text,
152,How is abstraction achieved in Java?,Using concrete classes only,Using concrete classes only,Using only static methods,Using primitive types only,B,"Abstraction is achieved through abstract classes (with abstract methods) and interfaces, which define what a class must do without specifying how.",OOP Concepts,text,
153,What is the difference between abstract class and interface?,No difference,No difference,"Interface can have concrete methods, abstract class cannot",Both are exactly the same,B,"Abstract classes can have both abstract and concrete methods, while interfaces (before Java 8) could only have abstract methods.",OOP Concepts,text,
154,Can a class extend multiple classes in Java?,"Yes, unlimited inheritance","Yes, unlimited inheritance","No, only single inheritance",Only if using interfaces,C,Java supports only single inheritance for classes - a class can extend only one other class to avoid the diamond problem.,OOP Concepts,text,
155,What is the purpose of the 'super' keyword?,Create new object,Create new object,Create static methods,Delete parent class,B,"The 'super' keyword is used to access parent class methods, constructors, and variables from the child class.",OOP Concepts,text,
156,What is method overloading?,Same method name with different parameters,Same method name with different parameters,Different method name with same parameters,Deleting existing methods,A,"Method overloading allows multiple methods with the same name but different parameters (number, type, or order) in the same class.",OOP Concepts,text,
157,Which principle ensures data security in OOP?,Inheritance,Inheritance,Encapsulation,Abstraction,C,"Encapsulation ensures data security by hiding internal data and providing controlled access through methods, preventing unauthorized access.",OOP Concepts,text,
158,What is the 'is-a' relationship in OOP?,Composition,Composition,Inheritance,Association,C,"The 'is-a' relationship is represented by inheritance, where a subclass 'is-a' type of its superclass (e.g., Dog is-a Animal).",OOP Concepts,text,
159,What is the 'has-a' relationship in OOP?,Inheritance,Inheritance,Polymorphism,Encapsulation,B,"The 'has-a' relationship is represented by composition or aggregation, where one class contains objects of another class as member variables.",OOP Concepts,text,
160,Which OOP principle allows code reusability?,Encapsulation,Encapsulation,Polymorphism,Abstraction,B,Inheritance promotes code reusability by allowing subclasses to inherit and reuse code from their superclasses.,OOP Concepts,text,
161,Which annotation is used to indicate method overriding?,@Inherit,@Inherit,@Polymorphic,@Abstract,B,"The @Override annotation is used to indicate that a method is intended to override a method in the superclass, helping catch errors at compile time.",OOP Concepts,text,
162,How do you create encapsulation in Java?,Make all variables public,Make all variables public,Use only static methods,Make all methods private,B,Encapsulation is created by making instance variables private and providing controlled access through public getter and setter methods.,OOP Concepts,text,
163,What is the main difference between method overloading and method overriding?,"Overloading: same class, different parameters; Overriding: subclass, same signature","Overloading: same class, different parameters; Overriding: subclass, same signature",Both are the same concept,Overloading: runtime; Overriding: compile-time,A,"Method overloading occurs in the same class with different parameters, while method overriding occurs in subclass with the same method signature.",OOP Concepts,text,
164,What is an abstract method?,A method with implementation,A method with implementation,A static method,A private method,B,An abstract method is declared without implementation using the 'abstract' keyword - it must be implemented by subclasses.,OOP Concepts,text,
165,Can an abstract class have concrete (non-abstract) methods?,"No, only abstract methods allowed","No, only abstract methods allowed",Only if it's an interface,Only static methods allowed,B,Abstract classes can contain both abstract methods (must be implemented by subclasses) and concrete methods with implementation.,OOP Concepts,text,
166,What is the key difference between abstract class and interface?,No difference,No difference,"Interface can have constructors, abstract class cannot",Both are exactly the same,B,"Abstract classes can have constructors, instance variables, and concrete methods, while interfaces (traditionally) only have abstract methods and constants.",OOP Concepts,text,
167,Which keyword is used to implement an interface?,extends,implements,inherits,uses,B,"The 'implements' keyword is used when a class implements an interface, while 'extends' is used for class inheritance.",OOP Concepts,text,
168,Which keyword is used for class inheritance?,implements,extends,inherits,super,B,The 'extends' keyword is used when a class inherits from another class (superclass to subclass relationship).,OOP Concepts,text,
169,Can a class implement multiple interfaces?,"No, only one interface","No, only one interface",Only if they are abstract,Only if using extends,B,A class can implement multiple interfaces using the 'implements' keyword with interfaces separated by commas.,OOP Concepts,text,
170,What happens if you don't implement an abstract method in a subclass?,Compilation error,Compilation error,Method is ignored,Automatic implementation,A,"If a subclass doesn't implement all abstract methods from its parent abstract class, it results in a compilation error.",OOP Concepts,text,
171,Can an abstract class be instantiated?,"Yes, with new keyword","Yes, with new keyword",Only through subclasses,Only if all methods are concrete,B,Abstract classes cannot be instantiated directly - you can only create objects of concrete subclasses.,OOP Concepts,text,
172,What is the purpose of the 'abstract' keyword?,To create objects,To create objects,To make methods static,To hide implementation,B,The 'abstract' keyword declares that a method has no implementation or a class cannot be instantiated and may contain abstract methods.,OOP Concepts,text,
173,"In method overriding, can you change the return type?",Incorrect,"Yes, any return type","Yes, but only to subtype (covariant)",Only to primitive types,C,"In method overriding, you can change the return type to a subtype (covariant return type) but not to a completely different type.",OOP Concepts,text,
174,Which access modifier allows the most restrictive access in inheritance?,public,Incorrect,private,default,C,Private members are not inherited - subclasses cannot access private members of the superclass directly.,OOP Concepts,text,
175,What is the difference between 'extends' and 'implements'?,No difference,No difference,"implements: class inheritance, extends: interface implementation",Both are used for interfaces,B,"'extends' is used for class inheritance (is-a relationship), while 'implements' is used for interface implementation (can-do relationship).",OOP Concepts,text,
176,Can an interface extend another interface?,"No, interfaces cannot extend","No, interfaces cannot extend","Yes, using 'implements' keyword",Only if both are abstract,B,"Interfaces can extend other interfaces using the 'extends' keyword, creating an inheritance hierarchy of interfaces.",OOP Concepts,text,
177,What is abstraction achieved through in Java?,Only concrete classes,Only concrete classes,Only primitive types,Only static methods,B,Abstraction in Java is achieved through abstract classes (partial abstraction) and interfaces (complete abstraction).,OOP Concepts,text,
178,What is the purpose of exception handling in Java?,To make code run faster,To make code run faster,To compile code,To optimize memory usage,B,"Exception handling allows programs to catch and handle runtime errors gracefully, preventing unexpected program termination.",Exception Handling,text,
179,Which keyword is used to throw an exception manually?,throws,throws,catch,finally,B,"The 'throw' keyword is used to manually throw an exception, while 'throws' is used in method declarations.",Exception Handling,text,
180,What is the correct order of try-catch-finally blocks?,finally-try-catch,finally-try-catch,try-catch-finally,try-finally-catch,C,"The correct order is try block first, followed by catch block(s), and finally the finally block.",Exception Handling,text,
181,When does the finally block execute?,Incorrect,Only when exception occurs,"Always, regardless of exception",Never,C,"The finally block always executes, whether an exception occurs or not, making it ideal for cleanup code.",Exception Handling,text,
182,Can you have multiple catch blocks for a single try block?,"No, only one catch allowed","No, only one catch allowed",Only with finally block,Only for checked exceptions,B,Multiple catch blocks can be used to handle different types of exceptions that might be thrown by the try block.,Exception Handling,text,
183,What happens if an exception is not caught?,Program continues normally,Program continues normally,Program terminates with error message,Exception is automatically handled,C,"If an exception is not caught, it propagates up the call stack and eventually terminates the program with an error message.",Exception Handling,text,
184,Which class do all exceptions inherit from?,Exception,Exception,Throwable,RuntimeException,C,"All exceptions and errors in Java inherit from the Throwable class, which is the superclass of all errors and exceptions.",Exception Handling,text,
185,What is the difference between checked and unchecked exceptions?,No difference,No difference,"Unchecked: must be declared, Checked: optional",Both must always be handled,B,"Checked exceptions must be declared in throws clause or handled, while unchecked exceptions (RuntimeException) are optional to handle.",Exception Handling,text,
186,Which of these is a checked exception?,NullPointerException,NullPointerException,IOException,ArithmeticException,C,"IOException is a checked exception that must be handled or declared, while the others are unchecked RuntimeExceptions.",Exception Handling,text,
187,How do you create a custom exception class?,Extend Exception or RuntimeException,Extend Exception or RuntimeException,Use @Exception annotation,Create static methods only,A,Custom exceptions are created by extending Exception class (checked) or RuntimeException class (unchecked).,Exception Handling,text,
188,Can the finally block be skipped?,"No, it always executes","No, it always executes","Yes, if System.exit() is called",Only in try-with-resources,C,"The finally block can be skipped only in extreme cases like System.exit() or JVM crash, otherwise it always executes.",Exception Handling,text,
189,What is try-with-resources used for?,Handling multiple exceptions,Handling multiple exceptions,Creating custom exceptions,Nested try blocks,B,"Try-with-resources automatically manages resources that implement AutoCloseable, ensuring they are closed after use.",Exception Handling,text,
190,Which exception is thrown for array index out of bounds?,IndexOutOfBoundsException,ArrayIndexOutOfBoundsException,ArrayException,BoundsException,B,ArrayIndexOutOfBoundsException is thrown when trying to access an array element with an invalid index.,Exception Handling,text,
191,Can you catch multiple exception types in a single catch block?,"No, one type per catch","No, one type per catch",Only related exceptions,Only checked exceptions,B,Java 7+ allows catching multiple exception types in a single catch block using the pipe (|) operator.,Exception Handling,text,
192,What is the purpose of the throws keyword?,To throw an exception,To throw an exception,To catch exceptions,To handle exceptions,B,The 'throws' keyword in method declaration indicates that the method might throw the specified exceptions.,Exception Handling,text,
193,Which block is optional in exception handling?,try,try,finally,All are required,C,"The finally block is optional - you can have try-catch or try-finally, but try block always needs at least catch or finally.",Exception Handling,text,
194,What happens if an exception occurs in the finally block?,It's ignored,It's ignored,It's added to previous exception,Compilation error,B,"If an exception occurs in the finally block, it suppresses any exception from the try-catch blocks.",Exception Handling,text,
195,Which method is used to get exception details?,getException(),getException(),getDetails(),getError(),B,The getMessage() method returns a detailed message about the exception that occurred.,Exception Handling,text,
196,Can you have a try block without catch?,"No, catch is mandatory","No, catch is mandatory",Only with throws declaration,Only for unchecked exceptions,B,A try block can exist without catch if there's a finally block (try-finally construct).,Exception Handling,text,
197,What is exception propagation?,Throwing multiple exceptions,Throwing multiple exceptions,Catching all exceptions,Creating custom exceptions,B,Exception propagation is the process of passing an uncaught exception up through the method call stack.,Exception Handling,text,
198,What are wrapper classes in Java?,Classes that wrap primitive data types into objects,Incorrect,Classes for exception handling,Classes for file operations,A,"Wrapper classes (Integer, Double, Boolean, etc.) wrap primitive data types into objects, allowing primitives to be used where objects are required.",Wrapper Classes & Generics,text,
199,Which wrapper class corresponds to the int primitive type?,Incorrect,Int,Integer,IntegerWrapper,C,The Integer class is the wrapper class for the int primitive type in Java.,Wrapper Classes & Generics,text,
200,What is autoboxing in Java?,Manual conversion of primitives to objects,Manual conversion of primitives to objects,Creating boxes for objects,Automatic memory management,B,Autoboxing is the automatic conversion of primitive types to their corresponding wrapper class objects.,Wrapper Classes & Generics,text,
201,What is unboxing in Java?,Removing objects from memory,Automatic conversion of wrapper objects to primitives.,Manual object destruction,Opening compressed files,B,Unboxing is the automatic conversion of wrapper class objects back to their corresponding primitive types.,Wrapper Classes & Generics,text,
202,Which of the following demonstrates autoboxing?,int x = new Integer(5);,int x = new Integer(5);,int x = 5;,Integer x = new Integer(5);,B,Integer x = 5; demonstrates autoboxing where the primitive int 5 is automatically converted to an Integer object.,Wrapper Classes & Generics,text,
203,What are generics in Java?,A way to create generic methods only,A way to create generic methods only,Runtime type checking,Generic exception handling,B,"Generics provide compile-time type safety by allowing classes, interfaces, and methods to operate on parameterized types.",Wrapper Classes & Generics,text,
204,What is the syntax for declaring a generic class?,class MyClass<T>,class MyClass<T>,class MyClass(T),class MyClass{T},A,Generic classes are declared using angle brackets with type parameters: class MyClass<T> where T is the type parameter.,Wrapper Classes & Generics,text,
205,Which wrapper class method converts a string to an integer?,Integer.convert(),Integer.convert(),Integer.toInt(),Integer.valueOf(),B,"Integer.parseInt() converts a string representation of a number to an int primitive, while valueOf() returns an Integer object.",Wrapper Classes & Generics,text,
206,What does the diamond operator <> do in generics?,Creates empty generics,Creates empty generics,Removes generics,Creates diamond shapes,B,"The diamond operator <> (Java 7+) allows the compiler to infer the generic type from the context, reducing code verbosity.",Wrapper Classes & Generics,text,
207,Can primitive types be used as generic type parameters?,"Yes, always",No,Only int and double,Only with wrapper classes,B,Primitive types cannot be used directly as generic type parameters; only reference types (including wrapper classes) are allowed.,Wrapper Classes & Generics,text,
208,What is a bounded type parameter in generics?,A parameter with no restrictions,A parameter with no restrictions,A parameter with maximum size,A parameter for primitive types only,B,Bounded type parameters use 'extends' or 'super' keywords to restrict the types that can be used as generic arguments.,Wrapper Classes & Generics,text,
209,Which is correct for creating a generic List of Integers?,List<int> list = new ArrayList<>();,List<int> list = new ArrayList<>();,List[Integer] list = new ArrayList[];,List(Integer) list = new ArrayList();,B,"Generic collections require wrapper classes, so List<Integer> is correct, not List<int> since primitives cannot be generic parameters.",Wrapper Classes & Generics,text,
210,What is type erasure in Java generics?,Removing all types,Removing all types,Runtime type checking,Deleting generic classes,B,"Type erasure is the process where generic type information is removed at compile time, making generics a compile-time feature only.",Wrapper Classes & Generics,text,
211,Which wrapper class corresponds to the boolean primitive?,Bool,Bool,Boolean,BooleanWrapper,C,The Boolean class is the wrapper class for the boolean primitive type in Java.,Wrapper Classes & Generics,text,
212,What happens during unboxing if the wrapper object is null?,Returns default value,Throws a NullPointerException,Returns 0,Compilation error,B,Unboxing a null wrapper object throws a NullPointerException at runtime since null cannot be converted to a primitive value.,Wrapper Classes & Generics,text,
213,What is the wildcard character used in generics?,*,*,#,&,B,"The question mark (?) is used as a wildcard in generics to represent an unknown type, often used with bounded wildcards.",Wrapper Classes & Generics,text,
214,Which is an example of upper bounded wildcard?,( --- List<? extends Number> --- ),Incorrect,(---List<? implements Number>---),(---List<? Number>---),A,List<? extends Number> is an upper bounded wildcard that accepts Number or any of its subtypes.,Wrapper Classes & Generics,text,
215,What does List<? super Integer> represent?,List of Integer only,List of Integer only,List of Integer subtypes,Invalid syntax,B,"List<? super Integer> is a lower bounded wildcard that accepts Integer or any of its supertypes (Number, Object).",Wrapper Classes & Generics,text,
216,Can you override methods with different generic parameters?,"Yes, always","Yes, always",Only with wildcards,Only with bounded types,B,"Methods with different generic parameters are considered overloaded, not overridden, due to type erasure making signatures identical.",Wrapper Classes & Generics,text,
217,What is the difference between Integer.valueOf() and Integer.parseInt()?,No difference,No difference,"parseInt() returns Integer, valueOf() returns int",Both return String,B,Integer.valueOf() returns an Integer object while Integer.parseInt() returns an int primitive value.,Wrapper Classes & Generics,text,
218,What is the difference between == and .equals() when comparing wrapper objects?,No difference,"(==) compares references, .equals() compares values","(==) compares values, .equals() compares references",Both always return true,B,"== compares object references while .equals() compares the actual values. Due to Integer caching (-128 to 127), == may work for small values but fail for larger ones.",Wrapper Classes & Generics,text,
219,What is Integer caching in Java?,Caching all Integer objects,Caching all Integer objects,Caching only positive integers,No caching exists,B,"Java caches Integer objects from -128 to 127 for performance optimization, so == comparison works for this range but not beyond.",Wrapper Classes & Generics,text,
220,Can you use generics with arrays?,"Yes, fully supported","Yes, fully supported",Only with wrapper classes,Only at runtime,B,Arrays cannot use generics directly due to type erasure. You cannot create new T[10] or List<String>[] in generic code.,Wrapper Classes & Generics,text,
221,What does PECS stand for in generics?,Producer Extends Consumer Super,Producer Extends Consumer Super,Producer Error Consumer Safe,Producer Equal Consumer Same,A,"PECS (Producer Extends, Consumer Super) is a guideline: use extends when you read from a collection, super when you write to it.",Wrapper Classes & Generics,text,
222,What happens when you assign null to a primitive via unboxing?,Assigns 0,Assigns 1,Throws NullPointerException,Compilation error,C,Attempting to unbox a null wrapper object to a primitive throws a NullPointerException at runtime.,Wrapper Classes & Generics,text,
223,Which is correct for generic method declaration?,public < T > void method(T t),Incorrect,public void method < T > (T t),public T<> method(T t),A,Generic methods declare type parameters before the return type: public <T> void method(T t) or public <T> T method(T t).,Wrapper Classes & Generics,text,
224,What is a raw type in generics?,A primitive type,A primitive type,A type parameter,An uncompiled type,B,"A raw type is a generic class or interface used without specifying type parameters, like List instead of List<String>.",Wrapper Classes & Generics,text,
225,Can you create an instance of a generic type parameter?,"Yes, always","Yes, always",Only with new T(),Only with reflection,B,You cannot create instances of generic type parameters directly (new T()) because of type erasure - the actual type is unknown at runtime.,Wrapper Classes & Generics,text,
226,What is the Java Collections Framework?,A framework for creating collections of classes,A framework for creating collections of classes,A framework for file collections,A database framework,B,"The Java Collections Framework is a unified architecture for representing and manipulating collections, providing interfaces, implementations, and algorithms.",Collections Framework,text,
227,Which interface is at the root of the Collections hierarchy?,List,List,Collection,Map,C,"The Collection interface is the root interface of the Collections hierarchy, extended by List, Set, and Queue interfaces.",Collections Framework,text,
228,What is the difference between List and Set?,No difference,No difference,"Set allows duplicates, List does not",Both are the same interface,B,"List allows duplicate elements and maintains insertion order, while Set does not allow duplicate elements.",Collections Framework,text,
229,Which List implementation provides the best performance for random access?,LinkedList,ArrayList,Vector,Stack,B,ArrayList provides the best performance for random access due to its underlying array structure with O(1) access time.,Collections Framework,text,
230,Which List implementation is best for frequent insertions and deletions?,ArrayList,ArrayList,Vector,Stack,B,"LinkedList is best for frequent insertions and deletions, especially in the middle, due to its doubly-linked list structure.",Collections Framework,text,
231,What is the difference between ArrayList and Vector?,Incorrect,No difference,"Vector is synchronized, ArrayList is not",Both are always synchronized,C,"Vector is synchronized (thread-safe) while ArrayList is not synchronized, making ArrayList faster in single-threaded environments.",Collections Framework,text,
232,Which Set implementation maintains insertion order?,HashSet,HashSet,LinkedHashSet,EnumSet,C,LinkedHashSet maintains the insertion order of elements while providing the uniqueness guarantee of a Set.,Collections Framework,text,
233,Which Set implementation keeps elements sorted?,HashSet,Incorrect,TreeSet,EnumSet,C,TreeSet keeps elements sorted according to their natural ordering or a provided Comparator.,Collections Framework,text,
234,Does Map extend the Collection interface?,Yes,Yes,Only HashMap does,Only TreeMap does,B,Map does not extend the Collection interface; it's a separate interface hierarchy for key-value pair collections.,Collections Framework,text,
235,Which Map implementation allows null keys?,HashMap,HashMap,Hashtable,All of them,A,"HashMap allows one null key and multiple null values, while TreeMap and Hashtable do not allow null keys.",Collections Framework,text,
236,What is the difference between HashMap and Hashtable?,No difference,No difference,"Hashtable is synchronized, HashMap is not",Both allow null keys,C,"Hashtable is synchronized (thread-safe) and doesn't allow null keys/values, while HashMap is not synchronized and allows null keys/values.",Collections Framework,text,
237,Which Map implementation keeps entries sorted by keys?,HashMap,HashMap,TreeMap,Hashtable,C,TreeMap keeps entries sorted by keys according to their natural ordering or a provided Comparator.,Collections Framework,text,
238,What does the LinkedHashMap maintain?,Only key sorting,Only key sorting,Insertion order or access order,Random order,C,"LinkedHashMap maintains either insertion order (default) or access order of entries, depending on the constructor used.",Collections Framework,text,
239,Which interface represents a collection that does not allow duplicates?,List,List,Map,Queue,B,Set interface represents a collection that cannot contain duplicate elements.,Collections Framework,text,
240,What is the purpose of the Iterator interface?,To create collections,To create collections,To sort collections,To synchronize collections,B,Iterator provides a standard way to traverse through collections without exposing the underlying implementation.,Collections Framework,text,
241,Which method is used to add elements to a Collection?,insert(),add(),put(),append(),B,"The add() method is used to add elements to a Collection, returning true if the collection changed.",Collections Framework,text,
242,What is the difference between remove() and clear() methods?,No difference,"remove() removes one element, clear() removes allNo difference","clear() removes one element, remove() removes all",Both remove all elements,B,"remove() removes a single specified element, while clear() removes all elements from the collection.",Collections Framework,text,
243,"Which collection is best for LIFO (Last In, First Out) operations?",ArrayList,ArrayList,Stack,Queue,C,"Stack is designed for LIFO operations with push() and pop() methods, though Deque is now preferred.",Collections Framework,text,
244,"Which interface is best for FIFO (First In, First Out) operations?",List,Set,Queue,Map,C,Queue interface is designed for FIFO operations with offer() and poll() methods for adding and removing elements.,Collections Framework,text,
245,What is the Collections class used for?,Creating new collection types,Creating new collection types,Implementing collections,Defining collection interfaces,B,"Collections is a utility class providing static methods for operations on collections like sorting, searching, and synchronization.",Collections Framework,text,
246,What is the difference between Collection and Collections?,No difference,No difference,"Collections is an interface, Collection is a utility class",Both are interfaces,B,"Collection is an interface that defines the basic operations for a group of objects, while Collections is a utility class with static methods for collection operations.",Collections Framework,text,
247,Which method in Collections class is used to sort a list?,Collections.order(),Collections.sort(),Collections.arrange(),Collections.organize(),B,Collections.sort() is used to sort a List in natural order or using a provided Comparator.,Collections Framework,text,
248,What does Collections.unmodifiableList() return?,A new sorted list,read-only view of the original list,A copy of the list,An empty list,B,"Collections.unmodifiableList() returns an unmodifiable (read-only) view of the specified list, preventing modifications.",Collections Framework,text,
249,Which collection allows duplicate keys?,Incorrect,HashMap,Hashtable,None of the above,D,"Maps do not allow duplicate keys by definition. Each key must be unique, though multiple keys can map to the same value.",Collections Framework,text,
250,What is the difference between fail-fast and fail-safe iterators?,No difference,No difference,"fail-safe throws exception, fail-fast works on copy",Both throw exceptions,B,"Fail-fast iterators throw ConcurrentModificationException when collection is modified during iteration, fail-safe iterators work on a copy.",Collections Framework,text,
251,Which collections are fail-fast?,"ArrayList, HashMap","ArrayList, HashMap","Vector, Hashtable","LinkedList, TreeSet",A,"ArrayList, HashMap, and most standard collections are fail-fast and throw ConcurrentModificationException during concurrent modification.",Collections Framework,text,
252,Which collections are fail-safe?,"ArrayList, HashMap",ConcurrentHashMap and CopyOnWriteArrayList,"Vector, Hashtable","LinkedList, TreeSet",B,ConcurrentHashMap and CopyOnWriteArrayList are fail-safe collections designed for concurrent access without throwing exceptions.,Collections Framework,text,
253,What is the default initial capacity of ArrayList?,5,6,16,20,B,"The default initial capacity of ArrayList is 10 elements, which grows as needed.",Collections Framework,text,
254,What is the load factor of HashMap?,0.5,0.75,0.8,1,B,"The default load factor of HashMap is 0.75, meaning it resizes when 75% full to maintain performance.",Collections Framework,text,
255,Which method checks if a collection is empty?,Collection.empty(),Collection.isEmpty(),Collection.isNull(),Collection.size() == 0,B,"The isEmpty() method returns true if the collection contains no elements, providing a more readable alternative to size() == 0.",Collections Framework,text,
256,What does the contains() method do?,Adds an element,Adds an element,Checks if element exists,Counts elements,C,"The contains() method returns true if the collection contains the specified element, using equals() method for comparison.",Collections Framework,text,
257,Which interface extends Collection and allows indexed access?,Set,Set,List,Queue,C,"List interface extends Collection and provides indexed access to elements with methods like get(index) and set(index, element).",Collections Framework,text,
258,What is the difference between Comparable and Comparator?,No difference,No difference,"Comparator: natural ordering, Comparable: custom ordering",Both are the same,B,"Comparable defines natural ordering within the class (compareTo method), Comparator defines custom ordering externally (compare method).",Collections Framework,text,
259,Which method is used to convert Array to List?,Arrays.toList(),Arrays.toList(),List.fromArray(),Collections.arrayToList(),B,Arrays.asList() converts an array to a fixed-size List backed by the original array.,Collections Framework,text,
260,What type of List does Arrays.asList() return?,ArrayList,ArrayList,Fixed-size List,Vector,C,"Arrays.asList() returns a fixed-size List that cannot be resized (no add/remove operations), but elements can be modified.",Collections Framework,text,
261,Which Collection method returns an array?,getArray(),getArray(),asArray(),convertToArray(),B,The toArray() method returns an array containing all elements in the collection in proper sequence.,Collections Framework,text,
262,What is the time complexity of ArrayList.get(index)?,O(n),O(n),O(1),O(n),C,ArrayList.get(index) has O(1) time complexity because it directly accesses the element using array indexing.,Collections Framework,text,
263,What is the time complexity of LinkedList.get(index)?,O(1),O(1),O(n),O(n),C,LinkedList.get(index) has O(n) time complexity because it must traverse the list from the beginning or end to reach the index.,Collections Framework,text,
264,Which method is used to reverse a List?,List.reverse(),List.reverse(),"Collections.sort(list, reverse)",List.backwards(),B,Collections.reverse() reverses the order of elements in the specified List in place.,Collections Framework,text,
265,What does Collections.synchronizedList() do?,Sorts the list,Sorts the list,Removes duplicates,Creates a copy,B,Collections.synchronizedList() returns a synchronized (thread-safe) wrapper around the specified List.,Collections Framework,text,
266,What is the difference between Collection and Collections?,No difference,No difference,"Collections is an interface, Collection is a utility class",Both are interfaces,B,"Collection is an interface that defines the basic operations for a group of objects, while Collections is a utility class with static methods for collection operations.",Collections Framework,text,
267,Which method in Collections class is used to sort a list?,Collections.order(),Collections.order(),Collections.arrange(),Collections.organize(),B,Collections.sort() is used to sort a List in natural order or using a provided Comparator.,Collections Framework,text,
268,What does Collections.unmodifiableList() return?,A new sorted list,read-only view of the original list,A copy of the list,An empty list,B,"Collections.unmodifiableList() returns an unmodifiable (read-only) view of the specified list, preventing modifications.",Collections Framework,text,
269,Which collection allows duplicate keys?,Incorrect,HashMap,Hashtable,None of the above,D,"Maps do not allow duplicate keys by definition. Each key must be unique, though multiple keys can map to the same value.",Collections Framework,text,
270,What is the difference between fail-fast and fail-safe iterators?,No difference,No difference,"fail-safe throws exception, fail-fast works on copy",Both throw exceptions,B,"Fail-fast iterators throw ConcurrentModificationException when collection is modified during iteration, fail-safe iterators work on a copy.",Collections Framework,text,
271,Which collections are fail-fast?,"ArrayList, HashMap","ArrayList, HashMap","Vector, Hashtable","LinkedList, TreeSet",A,"ArrayList, HashMap, and most standard collections are fail-fast and throw ConcurrentModificationException during concurrent modification.",Collections Framework,text,
272,Which collections are fail-safe?,"ArrayList, HashMap",ConcurrentHashMap and CopyOnWriteArrayList,"Vector, Hashtable","LinkedList, TreeSet",B,ConcurrentHashMap and CopyOnWriteArrayList are fail-safe collections designed for concurrent access without throwing exceptions.,Collections Framework,text,
273,What is the default initial capacity of ArrayList?,5,6,16,20,B,"The default initial capacity of ArrayList is 10 elements, which grows as needed.",Collections Framework,text,
274,What is the load factor of HashMap?,0.5,1.5,0.8,1,B,"The default load factor of HashMap is 0.75, meaning it resizes when 75% full to maintain performance.",Collections Framework,text,
275,Which method checks if a collection is empty?,Collection.empty(),Collection.isEmpty(),Collection.isNull(),Collection.size() == 0,B,"The isEmpty() method returns true if the collection contains no elements, providing a more readable alternative to size() == 0.",Collections Framework,text,
276,What does the contains() method do?,Adds an element,Adds an element,Checks if element exists,Counts elements,C,"The contains() method returns true if the collection contains the specified element, using equals() method for comparison.",Collections Framework,text,
277,Which interface extends Collection and allows indexed access?,Set,Set,List,Queue,C,"List interface extends Collection and provides indexed access to elements with methods like get(index) and set(index, element).",Collections Framework,text,
278,What is the difference between Comparable and Comparator?,No difference,No difference,"Comparator: natural ordering, Comparable: custom ordering",Both are the same,B,"Comparable defines natural ordering within the class (compareTo method), Comparator defines custom ordering externally (compare method).",Collections Framework,text,
279,Which method is used to convert Array to List?,Arrays.toList(),Arrays.toList(),List.fromArray(),Collections.arrayToList(),B,Arrays.asList() converts an array to a fixed-size List backed by the original array.,Collections Framework,text,
280,What type of List does Arrays.asList() return?,ArrayList,ArrayList,Fixed-size List,Vector,C,"Arrays.asList() returns a fixed-size List that cannot be resized (no add/remove operations), but elements can be modified.",Collections Framework,text,
281,Which Collection method returns an array?,getArray(),getArray(),asArray(),convertToArray(),B,The toArray() method returns an array containing all elements in the collection in proper sequence.,Collections Framework,text,
282,What is the time complexity of ArrayList.get(index)?,O(n),O(n),O(1),O(n),C,ArrayList.get(index) has O(1) time complexity because it directly accesses the element using array indexing.,Collections Framework,text,
283,What is the time complexity of LinkedList.get(index)?,O(1),O(1),O(n),O(n),C,LinkedList.get(index) has O(n) time complexity because it must traverse the list from the beginning or end to reach the index.,Collections Framework,text,
284,Which method is used to reverse a List?,List.reverse(),List.reverse(),"Collections.sort(list, reverse)",List.backwards(),B,Collections.reverse() reverses the order of elements in the specified List in place.,Collections Framework,text,
285,What does Collections.synchronizedList() do?,Sorts the list,Sorts the list,Removes duplicates,Creates a copy,B,Collections.synchronizedList() returns a synchronized (thread-safe) wrapper around the specified List.,Collections Framework,text,
286,What is the correct syntax for a lambda expression with no parameters?,() -> expression,Incorrect,void -> expression,[] -> expression,A,Lambda expressions with no parameters use empty parentheses: () -> expression or () -> { statements; },Lambda Expression,,
287,Which of the following lambda expressions is syntactically correct?,(String s) -> s.length(),Incorrect,lambda String s -> s.length(),(String s) => s.length(),A,Java lambda syntax uses the arrow operator (->): (parameters) -> expression. Option A shows correct syntax with parameter type and arrow operator.,Lambda Expression,,
288,What is the purpose of the @FunctionalInterface annotation?,To mark interfaces as deprecated,To mark interfaces as deprecated,To make interfaces serializable,To enable lambda expressions,B,@FunctionalInterface annotation indicates that an interface is intended to be a functional interface (has exactly one abstract method) and enables compiler checking.,Lambda Expression,,
289,Which statement about lambda variable capture is correct?,Incorrect,Lambda can modify any local variable,Lambda cannot access any external variables,Lambda can access but not capture variables,B,Lambda expressions can only access local variables that are final or effectively final (not modified after initialization) due to variable capture restrictions.,Lambda Expression,,
290,"What is the equivalent lambda expression for: new Comparator<String>() { public int compare(String a, String b) { return a.compareTo(b); } }","(a, b) -> a.compareTo(b)","(a, b) -> a.compareTo(b)","String.compareTo(a, b)","(String a, String b) -> compare(a, b)",A,"The lambda expression (a, b) -> a.compareTo(b) is equivalent to the anonymous Comparator implementation, with type inference for parameters.",Lambda Expression,,
291,Which built-in functional interface represents a function that takes one argument and returns a result?,Consumer<T>,Consumer<T>,"Function<T, R>",Predicate<T>,C,"Function<T, R> represents a function that accepts one argument of type T and produces a result of type R using the apply() method.",Lambda Expression,,
292,What does the Predicate<T> functional interface represent?,Incorrect,A function that supplies a value,A function that returns boolean,A function that transforms a value,C,"Predicate<T> represents a boolean-valued function of one argument, commonly used for filtering operations with the test() method.",Lambda Expression,,
293,Which method is used to execute a Consumer<T> functional interface?,get(),Incorrect,test(),accept(),D,Consumer<T> functional interface uses the accept() method to perform an operation on the given argument without returning a result.,Lambda Expression,,
294,What is method reference syntax for a static method?,ClassName::methodName,Incorrect,ClassName->methodName,new ClassName::methodName,A,"Method references to static methods use the syntax ClassName::methodName, such as Math::abs or Integer::parseInt.",Lambda Expression,,
295,What is the method reference syntax for an instance method of a particular object?,objectReference::methodName,Incorrect,this::methodName,super::methodName,A,"Method references to instance methods of a particular object use objectReference::methodName syntax, like myString::toUpperCase.",Lambda Expression,,
296,What does the Supplier<T> functional interface do?,Accepts a value and returns boolean,Incorrect,Takes no arguments and returns a value,Transforms one value to another,C,Supplier<T> functional interface takes no arguments and returns a value of type T using the get() method.,Lambda Expression,,
297,Which lambda expression correctly implements Predicate<String> to check if string length > 5?,s -> s.length() > 5,s -> s.length() > 6,String s -> length() > 5,s -> s.count() > 5,A,Predicate<String> for checking string length > 5 is: s -> s.length() > 5. The lambda returns boolean and uses the length() method.,Lambda Expression,,
298,"What is the result of: List<String> list = Arrays.asList(""a"", ""bb"", ""ccc""); list.stream().filter(s -> s.length() > 1).count();",1,2,3,0,B,"The filter keeps strings with length > 1 (""bb"" and ""ccc""), so count() returns 2.",Lambda Expression,,
299,Which statement about lambda expressions and anonymous inner classes is true?,They are exactly the same,Incorrect,Lambda cannot access this reference,Lambda has lexical scoping for this,D,"Lambda expressions have lexical scoping - 'this' refers to the enclosing class instance, unlike anonymous inner classes where 'this' refers to the inner class.",Lambda Expression,,
300,What is constructor reference syntax?,ClassName::new,Incorrect,ClassName->new,new::ClassName,A,"Constructor references use the syntax ClassName::new, such as ArrayList::new or String::new.",Lambda Expression,,
301,Which functional interface should be used for operations that might throw checked exceptions?,Standard functional interfaces can handle exceptions,Standard functional interfaces can handle exceptions,Exception functional interfaces,Callable<T>,B,"Standard functional interfaces don't declare checked exceptions, so custom functional interfaces with throws clauses are needed for exception-throwing operations.",Lambda Expression,,
302,What does the map() operation do in Stream API?,Filters elements,Filters elements,Transforms elements,Counts elements,C,"The map() operation transforms each element in the stream using a Function<T, R>, producing a new stream with transformed elements.",Lambda Expression,,
303,Which lambda expression transforms a list of strings to uppercase?,list.stream().map(s -> s.toUpperCase()),list.stream().map(s -> s.toUpperCase()),list.stream().forEach(s -> s.toUpperCase()),list.stream().reduce(s -> s.toUpperCase()),A,"To transform strings to uppercase, use map() with lambda: list.stream().map(s -> s.toUpperCase()) or method reference: map(String::toUpperCase).",Lambda Expression,,
304,What is the difference between map() and flatMap() in streams?,No difference,No difference,"map() is 1-to-1, flatMap() is 1-to-many",flatMap() is deprecated,C,"map() performs 1-to-1 transformation, while flatMap() performs 1-to-many transformation and flattens the result into a single stream.",Lambda Expression,,
305,Which lambda expression correctly sorts a list of strings by length?,"list.sort((a, b) -> a.length() - b.length())",Incorrect,list.sort(s -> s.length()),"list.sort((a, b) -> a > b)",A,"To sort by length, use Comparator lambda: (a, b) -> a.length() - b.length() or method reference: Comparator.comparing(String::length).",Lambda Expression,,
306,What does the filter() operation do in Java Streams?,Transforms elements to another type,Transforms elements to another type,Combines all elements into a single result,Sorts elements in ascending order,B,"The filter() operation removes elements that don't match the given Predicate condition, keeping only elements that return true.",Streams API,,
307,Which functional interface is used with the filter() operation?,"Function<T,R>","Function<T,R>",Predicate<T>,Supplier<T>,C,The filter() operation uses Predicate<T> functional interface which takes an element and returns a boolean indicating whether to keep it.,Streams API,,
308,"What is the result of: Stream.of(1,2,3,4,5).filter(x -> x > 3).collect(Collectors.toList())?","[1,2,3]","[1,2,3]","[1,2,3,4,5]",[],B,"The filter keeps only elements greater than 3, so the result is [4,5].",Streams API,,
309,What does the map() operation do in Java Streams?,Filters elements based on condition,Filters elements based on condition,Combines elements into single result,Removes duplicate elements,B,"The map() operation transforms each element in the stream using a Function<T,R>, producing a new stream with transformed elements.",Streams API,,
310,Which functional interface is used with the map() operation?,Predicate<T>,Predicate<T>,Consumer<T>,Supplier<T>,B,"The map() operation uses Function<T,R> functional interface which takes an element of type T and returns an element of type R.",Streams API,,
311,"What is the result of: Stream.of(""a"",""bb"",""ccc"").map(String::length).collect(Collectors.toList())?","[""a"",""bb"",""ccc""]","[""a"",""bb"",""ccc""]","[""A"",""BB"",""CCC""]","[3,2,1]",B,"The map operation transforms each string to its length: ""a""->1, ""bb""->2, ""ccc""->3, resulting in [1,2,3].",Streams API,,
312,What does the reduce() operation do in Java Streams?,Filters elements,Filters elements,Combines all elements into a single result,Sorts elements,C,The reduce() operation combines all elements in the stream into a single result using a BinaryOperator or accumulator function.,Streams API,,
313,Which functional interface is typically used with the reduce() operation?,Predicate<T>,Predicate<T>,BinaryOperator<T>,Consumer<T>,C,The reduce() operation typically uses BinaryOperator<T> which takes two elements of the same type and returns one element of that type.,Streams API,,
314,"What is the result of: Stream.of(1,2,3,4).reduce(0, (a,b) -> a + b)?",10,11,24,1,A,The reduce operation sums all elements starting with identity 0: 0+1+2+3+4 = 10.,Streams API,,
315,What is the difference between intermediate and terminal operations in Streams?,No difference,No difference,"Intermediate return Stream, terminal return concrete result",Terminal operations can be chained,C,"Intermediate operations (filter, map) return a Stream and can be chained, while terminal operations (reduce, collect) return a concrete result and end the stream pipeline.",Streams API,,
316,Can you chain multiple filter() operations on a Stream?,"No, only one filter allowed","No, only one filter allowed",Only with collect(),Only with map(),B,"Multiple filter operations can be chained together, and they will be applied sequentially to narrow down the elements.",Streams API,,
317,"What happens when you call Stream.of(1,2,3).filter(x -> x > 5)?",Runtime exception,Runtime exception,"Stream with [1,2,3]",Compilation error,B,"Since no elements are greater than 5, the filter returns an empty stream (no elements match the condition).",Streams API,,
318,Which operation is more efficient for transforming and filtering: separate operations or combined?,Separate filter then map,Separate filter then map,Combined in single operation,No difference,A,"It's more efficient to filter first, then map, because filtering reduces the number of elements that need to be transformed.",Streams API,,
319,"What is the result of: Stream.of(""apple"",""banana"",""cherry"").filter(s -> s.length() > 5).map(String::toUpperCase).collect(Collectors.toList())?","[""APPLE"",""BANANA"",""CHERRY""]","[""APPLE"",""BANANA"",""CHERRY""]","[""apple"",""cherry""]","[""APPLE"",""CHERRY""]",B,"Filter keeps strings longer than 5 (""banana"", ""cherry""), then map converts to uppercase: [""BANANA"", ""CHERRY""].",Streams API,,
320,"What does reduce(identity, accumulator) do?",Uses identity as starting value,Incorrect,Uses identity as final value,Identity is optional,A,The identity value serves as the starting value for the reduction operation and is returned if the stream is empty.,Streams API,,
321,"What is the result of: Stream.empty().reduce(42, (a,b) -> a + b)?",0,1,42,Exception,C,"When reducing an empty stream, the identity value (42) is returned as the result.",Streams API,,
322,Which Stream operation is lazy (not executed immediately)?,collect(),collect(),filter(),reduce(),C,filter() is a lazy intermediate operation that is not executed until a terminal operation is called.,Streams API,,
323,"What is the result of: Stream.of(2,4,6,8).map(x -> x * 2).reduce((a,b) -> a + b)?",Optional[40],Optional[40],Optional[20],20,A,"Map doubles each element [4,8,12,16], then reduce sums them (40), returning Optional[40] since no identity was provided.",Streams API,,
324,Can the reduce() operation be performed in parallel automatically?,"No, never","No, never",Only with identity value,Only for numbers,B,"The reduce operation can be performed in parallel automatically when using a parallel stream, as long as the operation is associative.",Streams API,,
325,What is flatMap() used for in Stream API?,Same as map(),To flatten nested structures,Only for filtering,Sorting elements,B,"flatMap() is used to flatten nested structures like Stream<Stream<T>> into Stream<T>, transforming each element into a stream and flattening the result.",Streams API,,
326,Which class is used to represent a file or directory path in Java?,File,File,FileSystem,Directory,A,"The File class in java.io package represents a file or directory pathname. It provides methods to create, delete, and get information about files and directories.",File I/O,,
327,What is the primary purpose of FileReader class in Java?,To write text to files,To write text to files,To create new files,To delete files,B,FileReader is a convenience class for reading character files. It extends InputStreamReader and is used to read text data from files character by character.,File I/O,,
328,Which class provides buffered reading of text files for better performance?,FileReader,FileReader,Scanner,FileInputStream,B,"BufferedReader wraps around other Reader classes (like FileReader) to provide buffered reading, which improves performance by reading larger chunks of data at once instead of individual characters.",File I/O,,
329,What is the main advantage of using BufferedReader over FileReader?,BufferedReader can read binary files,BufferedReader can read binary files,BufferedReader automatically closes files,BufferedReader supports multiple file formats,B,"BufferedReader improves performance by reading data in larger chunks and storing it in an internal buffer, reducing the number of actual I/O operations compared to reading character by character with FileReader.",File I/O,,
330,Which method of BufferedReader reads an entire line of text?,read(),read(),nextLine(),getLine(),B,The readLine() method of BufferedReader reads a line of text and returns it as a String. It reads until it encounters a line terminator or end of file.,File I/O,,
331,What does the read() method of FileReader return when it reaches the end of file?,null,null,-1,EOF,C,The read() method returns -1 when it reaches the end of file. This is a standard convention in Java I/O classes to indicate that no more data is available.,File I/O,,
332,Which class is used to write character data to text files?,FileWriter,Incorrect,PrintWriter,BufferedWriter,A,FileWriter is a convenience class for writing character files. It extends OutputStreamWriter and is designed specifically for writing text data to files.,File I/O,,
333,What is the purpose of BufferedWriter class?,To write binary data,To write binary data,To compress files while writing,To encrypt files while writing,B,"BufferedWriter wraps around other Writer classes (like FileWriter) to provide buffered writing, which improves performance by accumulating characters in a buffer before writing them to the file.",File I/O,,
334,Which method should you call to ensure data is written to the file immediately?,close(),close(),write(),sync(),B,"The flush() method forces any buffered data to be written to the underlying output stream immediately, ensuring that data doesn't remain in the buffer.",File I/O,,
335,What happens if you don't close a FileWriter after writing?,Data is automatically saved,Data is automatically saved,File becomes corrupted,Nothing happens,B,"If you don't close a FileWriter, any data remaining in the buffer might not be written to the file, potentially resulting in data loss. The close() method flushes the buffer and releases system resources.",File I/O,,
336,Which constructor of FileReader takes a File object as parameter?,Incorrect,FileReader(String filename),FileReader(InputStream in),FileReader(Reader reader),B,FileReader has a constructor that takes a File object: FileReader(File file). This allows you to pass a File object representing the file to be read.,File I/O,,
337,What exception must be handled when using FileReader?,RuntimeException,RuntimeException,FileNotFoundException,IllegalArgumentException,B,FileReader operations can throw IOException (which includes FileNotFoundException as a subclass). These are checked exceptions that must be handled or declared to be thrown.,File I/O,,
338,Which is the correct way to create a BufferedReader for reading a text file?,"new BufferedReader(""file.txt"")","new BufferedReader(""file.txt"")","BufferedReader.create(""file.txt"")","new BufferedReader(new File(""file.txt""))",B,"BufferedReader constructor takes a Reader as parameter. You need to wrap a FileReader: new BufferedReader(new FileReader(""file.txt"")). BufferedReader cannot be created directly with a filename.",File I/O,,
339,What does the File.exists() method return?,"true if file exists, false otherwise","true if file exists, false otherwise","File size if exists, -1 otherwise","File object if exists, null otherwise",A,"The exists() method of File class returns a boolean value: true if the file or directory exists, false if it doesn't exist.",File I/O,,
340,Which method checks if a File object represents a directory?,isDirectory(),isDirectory(),isDir(),isPath(),A,"The isDirectory() method returns true if the File object represents a directory, false if it represents a file or if the path doesn't exist.",File I/O,,
341,How do you create a new file using the File class?,File.create(),File.create(),new File().create(),File.makeFile(),B,"The createNewFile() method creates a new, empty file if it doesn't already exist. It returns true if the file was created, false if it already exists.",File I/O,,
342,Which method of FileWriter writes a string to the file?,writeString(String s),writeString(String s),print(String s),put(String s),B,The write(String s) method of FileWriter writes a string to the file. FileWriter inherits this method from the Writer class.,File I/O,,
343,What is the difference between write() and append() in file operations?,No difference,No difference,"write() adds to end, append() overwrites",Both always overwrite,B,"write() mode (default) overwrites the existing file content, while append() mode adds new content to the end of the existing file without removing existing data.",File I/O,,
344,How do you open a FileWriter in append mode?,"new FileWriter(""file.txt"", true)","new FileWriter(""file.txt"", true)","FileWriter.append(""file.txt"")","new FileWriter(""file.txt"").append()",A,"To open FileWriter in append mode, use the constructor with boolean parameter: new FileWriter(""file.txt"", true). The true parameter enables append mode.",File I/O,,
345,Which method of BufferedWriter writes a line separator?,writeLine(),writeLine(),nextLine(),lineBreak(),B,"The newLine() method of BufferedWriter writes a platform-specific line separator (\\n, \\r\\n, or \\r depending on the operating system).",File I/O,,
346,What is the recommended way to handle file resources in Java?,Always use finally block,Always use finally block,Never close files manually,Use static file handlers,B,"Try-with-resources statement (introduced in Java 7) automatically closes resources that implement AutoCloseable, ensuring proper resource management even if exceptions occur.",File I/O,,
347,Which interfaces do FileReader and FileWriter implement for automatic resource management?,Closeable,Closeable,Both Closeable and AutoCloseable,ResourceManaged,C,"Both FileReader and FileWriter implement AutoCloseable (which extends Closeable), making them suitable for use with try-with-resources statements.",File I/O,,
348,What is the correct syntax for try-with-resources with FileReader?,"try (FileReader fr = new FileReader(""file.txt"")) { }","try (FileReader fr = new FileReader(""file.txt"")) { }","try (fr = new FileReader(""file.txt"")) { }","try FileReader fr = new FileReader(""file.txt"") { }",A,The correct syntax is try (ResourceType resource = new ResourceType()) { }. The resource declaration goes inside parentheses after the try keyword.,File I/O,,
349,Which method reads all remaining characters from a Reader into a character array?,readAll(),readAll(),read(char[] cbuf),getAllChars(),C,The read(char[] cbuf) method attempts to read characters into the provided character array and returns the number of characters actually read.,File I/O,,
350,What does FileWriter.write(int c) method do?,Writes an integer value,Writes an integer value,Writes the ASCII value,Writes a line number,B,The write(int c) method writes a single character. The integer parameter represents the character to be written (typically cast from char).,File I/O,,
351,Which class provides the most efficient way to read large text files line by line?,Incorrect,Scanner,BufferedReader,LineNumberReader,C,BufferedReader is the most efficient for reading large files line by line because it uses internal buffering to minimize I/O operations and provides the readLine() method.,File I/O,,
352,What happens when you try to read from a FileReader after closing it?,Returns empty string,Returns empty string,Throws IOException,Works normally,C,Attempting to read from a closed FileReader throws an IOException because the underlying stream has been closed and is no longer available for reading.,File I/O,,
353,Which method of File class returns the size of the file in bytes?,size(),size(),getSize(),fileSize(),B,The length() method of File class returns the size of the file in bytes as a long value. It returns 0 if the file doesn't exist or is a directory.,File I/O,,
354,How do you check if a file is readable before attempting to read it?,file.canRead(),file.canRead(),file.hasReadPermission(),file.checkRead(),A,"The canRead() method returns true if the application can read the file denoted by the File object, false otherwise.",File I/O,,
355,What is the purpose of the File.separator system property?,To separate file extensions,To separate file extensions,To separate file names,To create file boundaries,B,"File.separator provides the platform-specific file path separator character (\\ on Windows, / on Unix/Linux), ensuring code works across different operating systems.",File I/O,,
356,Which encoding does FileReader use by default?,UTF-8,UTF-9,Platform default encoding,ISO-8859-1,C,"FileReader uses the platform's default character encoding, which varies by operating system and locale settings. For explicit encoding control, use InputStreamReader with FileInputStream.",File I/O,,
357,How can you specify a specific character encoding when reading a file?,Use FileReader with encoding parameter,Use FileReader with encoding parameter,Use BufferedReader with encoding,Cannot specify encoding,B,"To specify character encoding, use InputStreamReader with FileInputStream: new InputStreamReader(new FileInputStream(file), StandardCharsets.UTF_8).",File I/O,,
358,What is the difference between FileWriter and PrintWriter for writing text files?,No difference,No difference,FileWriter is faster,PrintWriter only writes to console,B,"PrintWriter provides additional methods like println(), printf(), and format() for convenient text formatting, while FileWriter provides basic character writing capabilities.",File I/O,,
359,Which exception is thrown when trying to create a FileReader for a non-existent file?,IOException,IOException,IllegalArgumentException,SecurityException,B,FileNotFoundException (a subclass of IOException) is thrown when attempting to create a FileReader for a file that doesn't exist.,File I/O,,
360,What does BufferedReader.ready() method indicate?,File is completely loaded,File is completely loaded,File is closed,Buffer is full,B,"The ready() method returns true if the reader is ready to read characters without blocking, meaning there are characters available in the buffer or input stream.",File I/O,,
361,Which method creates all parent directories for a file path?,File.createPath(),File.mkdirs(),file.createDirectories(),File.makePath(),B,The mkdirs() method creates the directory and all necessary parent directories if they don't exist. Returns true if successful.,File I/O,,
362,How do you delete a file using the File class?,file.remove(),file.remove(),File.deleteFile(),file.erase(),B,"The delete() method removes the file or empty directory. It returns true if the deletion was successful, false otherwise.",File I/O,,
363,What is the correct way to read all lines from a file into a List using modern Java?,Files.readAllLines(path),Files.readAllLines(path),FileReader.getAllLines(),Scanner.readAllLines(),A,"Files.readAllLines(Path path) from java.nio.file package reads all lines from a file into a List<String>. This is the modern, efficient approach introduced in Java 7.",File I/O,,
364,Which class from java.nio.file package is the modern alternative to File class?,FilePath,FilePath,FileSystem,DirectoryPath,B,"The Path interface from java.nio.file package is the modern alternative to the File class, providing better functionality and integration with the NIO.2 file system API.",File I/O,,
365,What is the advantage of using java.nio.file.Files over traditional file I/O classes?,Faster execution,"Robustness, efficiency, and ease of use",Smaller memory footprint,Built-in compression,B,"The Files class provides better exception handling with more specific exceptions, atomic operations, and many utility methods for common file operations like copy, move, and directory traversal.",File I/O,,
366,Which of the following are key features introduced in Java 8?,"Lambda expressions, Stream API, Optional class, and default methods in interfaces","Lambda expressions, Stream API, Optional class, and default methods in interfaces",Only default methods and Optional,Only functional interfaces and method references,A,"Java 8 introduced several major features: Lambda expressions for functional programming, Stream API for processing collections, Optional class to handle null values safely, default and static methods in interfaces, new Date/Time API, method references, and functional interfaces. These features revolutionized Java programming by enabling functional programming paradigms.",Java 8 Features,,
367,What is the purpose of the Optional class in Java 8?,"To provide a container that may or may not contain a non-null value, helping to avoid NullPointerException",Incorrect,To create immutable objects automatically,To handle exceptions in a functional way,A,"Optional<T> is a container class introduced in Java 8 to represent values that might be absent. It provides methods like isPresent(), orElse(), orElseThrow(), and map() to handle potentially null values in a more functional and safe way, reducing NullPointerException occurrences.",Java 8 Features,,
368,What are default methods in interfaces and why were they introduced in Java 8?,"Default methods allow interfaces to have method implementations, enabling interface evolution without breaking existing implementations","Default methods allow interfaces to have method implementations, enabling interface evolution without breaking existing implementations",Default methods are static methods that can only be called on the interface,Default methods are private methods used internally by the interface,A,Default methods (using 'default' keyword) allow interfaces to provide method implementations. They were introduced to enable interface evolution - adding new methods to existing interfaces without breaking backward compatibility with existing implementing classes. This was crucial for adding new methods to Collection interfaces for Stream API.,Java 8 Features,,
369,Which statement about the Stream API in Java 8 is most accurate?,"Streams provide a functional approach to process collections with operations like filter, map, and reduce, supporting both sequential and parallel processing",Incorrect,Streams automatically make all operations parallel,"Streams can only process arrays, not collections",A,"Stream API provides a functional approach to process data. Streams support intermediate operations (filter, map, sorted) that are lazy and terminal operations (collect, forEach, reduce) that trigger processing. They can process any data source and support both sequential and parallel execution for performance optimization.",Java 8 Features,,
370,"What is the difference between Predicate, Function, and Consumer functional interfaces in Java 8?","Predicate tests a condition (returns boolean), Function transforms input to output, Consumer performs an action without returning a value",Incorrect,"Predicate and Function are the same, Consumer is different",All three return the same type of result,A,"Predicate<T> represents a boolean-valued function (test method returns boolean), Function<T,R> represents a function that transforms input T to output R (apply method), and Consumer<T> represents an operation that accepts input but returns no result (accept method). These are core functional interfaces used extensively with lambda expressions and Stream API.",Java 8 Features,,
371,What new Date and Time API features were introduced in Java 8?,"LocalDate, LocalTime, LocalDateTime, ZonedDateTime classes with immutable and thread-safe design",Incorrect,Only Calendar class enhancements,Just timezone handling improvements,A,"Java 8 introduced a completely new Date/Time API (java.time package) with immutable and thread-safe classes: LocalDate (date without time), LocalTime (time without date), LocalDateTime (date and time), ZonedDateTime (date-time with timezone), Period, Duration, and DateTimeFormatter. This replaced the problematic old Date and Calendar classes.",Java 8 Features,,
372,"Which Java 9 feature allows creating lightweight, read-only collections easily?","Collection factory methods like List.of(), Set.of(), and Map.of()","Collection factory methods like List.of(), Set.of(), and Map.of()",New collection interfaces,Enhanced for-each loops,A,"Java 9 introduced convenient factory methods for creating immutable collections: List.of(1, 2, 3), Set.of('a', 'b', 'c'), and Map.of('key1', 'value1', 'key2', 'value2'). These methods create compact, immutable collections that are more memory-efficient than traditional collections and throw UnsupportedOperationException on modification attempts.",Java 9 Features,,
373,What is the Java Platform Module System (JPMS) introduced in Java 9?,A module system that allows creating modular applications with explicit dependencies and encapsulation at the module level,A module system that allows creating modular applications with explicit dependencies and encapsulation at the module level,A replacement for JAR files,A new class loading mechanism only,A,"JPMS (Project Jigsaw) introduced modules to Java, allowing developers to create modular applications. Modules are defined using module-info.java files that specify dependencies (requires), exported packages (exports), and services. This provides better encapsulation, reliable configuration, and enables creating smaller runtime images with jlink.",Java 9 Features,,
374,What is the purpose of the takeWhile() and dropWhile() methods introduced in Java 9 Stream API?,"takeWhile() takes elements while a condition is true, dropWhile() drops elements while a condition is true, both work on ordered streams","takeWhile() takes elements while a condition is true, dropWhile() drops elements while a condition is true, both work on ordered streams",They only work with parallel streams,They are used for exception handling in streams,A,"takeWhile() returns elements from the beginning of the stream while the predicate is true, stopping at the first false. dropWhile() discards elements from the beginning while the predicate is true, then returns the remaining elements. Both are particularly useful with ordered streams and infinite streams: stream.takeWhile(x -> x < 5).",Java 9 Features,,
375,What new features were introduced for the Optional class in Java 9?,"stream(), ifPresentOrElse(), and or() methods for better functional programming support","stream(), ifPresentOrElse(), and or() methods for better functional programming support",New constructors for Optional,Methods to convert Optional to Collections,A,"Java 9 enhanced Optional with: stream() method that returns a Stream with zero or one elements, ifPresentOrElse(Consumer, Runnable) for handling both present and absent cases, and or(Supplier<Optional<T>>) for providing alternative Optional values. These additions make Optional more powerful for functional programming patterns.",Java 9 Features,,
376,What is JShell and what problem does it solve in Java development?,JShell is Java's REPL (Read-Eval-Print Loop) tool that allows interactive Java code execution without creating full programs,JShell is Java's REPL (Read-Eval-Print Loop) tool that allows interactive Java code execution without creating full programs,JShell is a testing framework for Java applications,JShell is a deployment tool for Java applications,A,"JShell is Java's interactive REPL tool introduced in Java 9. It allows developers to execute Java code snippets, test APIs, prototype solutions, and learn Java interactively without the overhead of creating complete programs with main methods and compilation. It's excellent for experimentation and educational purposes.",Java 9 Features,,
377,Which improvements were made to the Process API in Java 9?,"Enhanced process management with ProcessHandle interface, process information access, and better process tree navigation","Enhanced process management with ProcessHandle interface, process information access, and better process tree navigation",Only process termination improvements,Just performance optimizations,A,"Java 9 significantly improved the Process API with ProcessHandle interface for accessing process information (PID, command, arguments, start time), ProcessHandle.Info for detailed process data, onExit() method returning CompletableFuture<ProcessHandle>, and better process tree navigation with children() and descendants() methods.",Java 9 Features,,
378,Which Java 9 feature provides a way to create HTTP clients that support HTTP/2 and WebSocket protocols?,HttpClient,HttpClient,HttpClientBuilder,Http2Client,A,"Java 9 introduced the HttpClient API (java.net.http.HttpClient) that supports HTTP/2 and WebSocket protocols. It provides a modern, fluent API for making HTTP requests and handling responses, with support for reactive programming through the new Flow API. This client is intended to eventually replace the legacy HttpURLConnection.",Java 9 Features,,
379,What is the purpose of the Flow API introduced in Java 9?,To provide a standard for reactive streams in Java,Incorrect,To provide a new way to handle concurrency,To replace the Stream API,A,"The Flow API (java.util.concurrent.Flow) introduced in Java 9 provides a standard for reactive streams in Java. It includes interfaces for publishers, subscribers, and processors to support asynchronous stream processing with non-blocking back pressure. This API enables building reactive applications that can efficiently handle dynamic data streams.",Java 9 Features,,
380,What is the significance of the Multi-Release JAR feature introduced in Java 9?,"It allows a single JAR file to contain classes for multiple Java versions, simplifying distribution and deployment","It allows a single JAR file to contain classes for multiple Java versions, simplifying distribution and deployment",It allows JAR files to contain native code for different platforms,It is used to compress JAR files more efficiently,A,"Multi-Release JAR feature allows a JAR file to contain different versions of class files for different Java versions. This is specified in the JAR's META-INF/MANIFEST.MF file with Multi-Release: true, and version-specific classes are placed in META-INF/versions/N/ directories. It enables backward compatibility and smoother upgrades to new Java versions.",Java 9 Features,,
381,What enhancements were made to the Stack-Walking API in Java 9?,It allows efficient and flexible traversal of stack frames with filtering and lazy evaluation,It allows efficient and flexible traversal of stack frames with filtering and lazy evaluation,It provides a way to capture and restore stack traces,It is used for analyzing memory usage,A,"The Stack-Walking API (java.lang.StackWalker) introduced in Java 9 provides a way to traverse stack frames with more efficiency and flexibility. It allows filtering of stack frames, lazy evaluation, and access to class and method names without the need to create full stack trace elements, improving performance in stack trace analysis.",Java 9 Features,,
382,What is the Compact Strings feature in Java 9?,It optimizes memory usage for Strings by using byte arrays instead of char arrays for strings that contain only Latin-1 characters,It optimizes memory usage for Strings by using byte arrays instead of char arrays for strings that contain only Latin-1 characters,It is a new way to intern Strings,It changes the visibility of String fields,A,Compact Strings is an optimization in Java 9 that changes the internal representation of String objects to use byte arrays instead of char arrays when the string contains only Latin-1 characters. This can reduce the memory footprint of String objects by up to 50% for applications that use a lot of Latin-1 encoded text.,Java 9 Features,,
383,Which Garbage Collection improvement was introduced in Java 9?,A completely new garbage collector,Made G1 (Garbage First) the default garbage collector,Only performance improvements to existing collectors,Removal of all old garbage collectors,B,"Java 9 made G1 (Garbage First) the default garbage collector for server-class machines, replacing Parallel GC. It also deprecated the Concurrent Mark Sweep (CMS) collector. G1 provides better predictable pause times and improved performance for large heap sizes, making it suitable for modern applications with large memory requirements.",Java 9 Features,,
384,What is the improved try-with-resources statement in Java 9?,It allows using any variable as a resource without needing to declare it in the try statement,Incorrect,It can only close one resource at a time,It is the same as in Java 8,A,The try-with-resources statement in Java 9 allows variables that are effectively final to be used as resources without redeclaring them in the try statement. This simplifies the code when the resource is already defined and initialized before the try block.,Java 9 Features,,
385,What new features were added to Javadoc in Java 9?,Only HTML5 support,Only HTML5 support,Just new styling options,Only modular documentation,B,"Java 9 enhanced Javadoc with search functionality allowing users to search for classes, methods, and fields within the generated documentation. It also added HTML5 support, improved styling, and better support for modular applications, making documentation more interactive and user-friendly.",Java 9 Features,,
386,What new private methods in interfaces introduced in Java 9?,Private methods can be overridden by implementing classes,Private methods can be overridden by implementing classes,Private methods replace default methods,Private methods can be called from outside the interface,B,Java 9 introduced private methods in interfaces to share common code between default and static methods within the same interface. This promotes code reuse and better organization without exposing implementation details to implementing classes. Private methods cannot be overridden or accessed from outside the interface.,Java 9 Features,,
387,What is the HTTP/2 Client (Incubator) introduced in Java 9?,A replacement for URLConnection with HTTP/2 support,Incorrect,A browser engine,A REST framework,A,"Java 9 introduced an incubator HTTP/2 Client API (jdk.incubator.httpclient module) providing modern HTTP client functionality with HTTP/2 support, WebSocket support, and reactive streams. It was incubating in Java 9, evolved in Java 10, and became standard in Java 11 as java.net.http.",Java 9 Features,,
388,What are Reactive Streams in Java 9?,A new collection framework,Incorrect,A replacement for Java Streams,A concurrent programming model,D,"Java 9 introduced Reactive Streams API (java.util.concurrent.Flow) providing interfaces for asynchronous stream processing with non-blocking back pressure: Flow.Publisher, Flow.Subscriber, Flow.Subscription, and Flow.Processor. This enables building reactive applications that can handle data streams efficiently without blocking.",Java 9 Features,,
389,What are Multi-Release JARs in Java 9?,JARs that can contain code for multiple programming languages,JARs that can contain different versions of class files for different Java versions,JARs that can be split across multiple files,JARs that support multiple compression formats,B,"Multi-Release JARs allow a single JAR file to contain different versions of class files for different Java versions. The META-INF/MANIFEST.MF contains Multi-Release: true, and version-specific classes are stored in META-INF/versions/N/ directories, enabling backward compatibility while using newer Java features.",Java 9 Features,,
390,What is the Stack-Walking API introduced in Java 9?,Incorrect,A debugging tool for analyzing stack traces,A profiling tool for performance analysis,A method for stack memory management,B,"Java 9 introduced the Stack-Walking API with the StackWalker class providing efficient and flexible stack frame traversal. It allows filtering stack frames, lazy evaluation, and better performance compared to Thread.getStackTrace(). It supports different options like RETAIN_CLASS_REFERENCE and SHOW_HIDDEN_FRAMES.",Java 9 Features,,
391,What is Compact Strings optimization in Java 9?,Incorrect,A new String compression algorithm,A way to remove spaces from strings,A method for string interning,B,"Java 9 introduced Compact Strings optimization where String class internally uses byte[] array instead of char[] when the string contains only Latin-1 characters (each character fits in one byte). This can reduce memory usage by up to 50% for applications with primarily Latin-1 strings, while maintaining full compatibility.",Java 9 Features,,
392,Which Garbage Collection improvement was introduced in Java 9?,A completely new garbage collector,Made G1 (Garbage First) the default garbage collector,Only performance improvements to existing collectors,Removal of all old garbage collectors,B,"Java 9 made G1 (Garbage First) the default garbage collector for server-class machines, replacing Parallel GC. It also deprecated the Concurrent Mark Sweep (CMS) collector. G1 provides better predictable pause times and improved performance for large heap sizes, making it suitable for modern applications with large memory requirements.",Java 9 Features,,
393,What enhancement did Java 9 bring to Javadoc generation?,Only HTML5 support,Only HTML5 support,Just new styling options,Only modular documentation,B,"Java 9 enhanced Javadoc with search functionality allowing users to search for classes, methods, and fields within the generated documentation. It also added HTML5 support, improved styling, and better support for modular applications, making documentation more interactive and user-friendly.",Java 9 Features,,
394,What new capability do private methods in interfaces provide in Java 9?,Private methods can be overridden by implementing classes,Private methods has the ability to share common code between default and static methods.,Private methods replace default methods,Private methods can be called from outside the interface,B,Java 9 introduced private methods in interfaces to share common code between default and static methods within the same interface. This promotes code reuse and better organization without exposing implementation details to implementing classes. Private methods cannot be overridden or accessed from outside the interface.,Java 9 Features,,
395,How did Java 9 enhance the try-with-resources statement?,It allows using any variable in try-with-resources,It allows using any variable in try-with-resources,It removes the need for AutoCloseable interface,It allows multiple catch blocks for resources,B,Java 9 enhanced try-with-resources by allowing effectively final variables declared before the try statement to be used directly without re-declaration. Before Java 9: try (MyResource res = myResource) { }. Java 9: try (myResource) { } where myResource is effectively final.,Java 9 Features,,
396,What is the HTTP/2 Client (Incubator) introduced in Java 9?,A replacement for URLConnection with HTTP/2 support,A replacement for URLConnection with HTTP/2 support,A browser engine,A REST framework,A,"Java 9 introduced an incubator HTTP/2 Client API (jdk.incubator.httpclient module) providing modern HTTP client functionality with HTTP/2 support, WebSocket support, and reactive streams. It was incubating in Java 9, evolved in Java 10, and became standard in Java 11 as java.net.http.",Java 9 Features,,
397,What are Reactive Streams in Java 9?,A new collection framework,Incorrect,A replacement for Java Streams,A concurrent programming model,D,"Java 9 introduced Reactive Streams API (java.util.concurrent.Flow) providing interfaces for asynchronous stream processing with non-blocking back pressure: Flow.Publisher, Flow.Subscriber, Flow.Subscription, and Flow.Processor. This enables building reactive applications that can handle data streams efficiently without blocking.",Java 9 Features,,
398,What are Multi-Release JARs in Java 9?,JARs that can contain code for multiple programming languages,JARs that can contain different versions of class files for different Java versions,JARs that can be split across multiple files,JARs that support multiple compression formats,B,"Multi-Release JARs allow a single JAR file to contain different versions of class files for different Java versions. The META-INF/MANIFEST.MF contains Multi-Release: true, and version-specific classes are stored in META-INF/versions/N/ directories, enabling backward compatibility while using newer Java features.",Java 9 Features,,
399,What is the Stack-Walking API introduced in Java 9?,Incorrect,A debugging tool for analyzing stack traces,A profiling tool for performance analysis,A method for stack memory management,B,"Java 9 introduced the Stack-Walking API with the StackWalker class providing efficient and flexible stack frame traversal. It allows filtering stack frames, lazy evaluation, and better performance compared to Thread.getStackTrace(). It supports different options like RETAIN_CLASS_REFERENCE and SHOW_HIDDEN_FRAMES.",Java 9 Features,,
400,What is Compact Strings optimization in Java 9?,Incorrect,A new String compression algorithm,A way to remove spaces from strings,A method for string interning,B,"Java 9 introduced Compact Strings optimization where String class internally uses byte[] array instead of char[] when the string contains only Latin-1 characters (each character fits in one byte). This can reduce memory usage by up to 50% for applications with primarily Latin-1 strings, while maintaining full compatibility.",Java 9 Features,,
401,Which Garbage Collection improvement was introduced in Java 9?,A completely new garbage collector,Made G1 (Garbage First) the default garbage collector,Only performance improvements to existing collectors,Removal of all old garbage collectors,B,"Java 9 made G1 (Garbage First) the default garbage collector for server-class machines, replacing Parallel GC. It also deprecated the Concurrent Mark Sweep (CMS) collector. G1 provides better predictable pause times and improved performance for large heap sizes, making it suitable for modern applications with large memory requirements.",Java 9 Features,,
402,What is the Singleton design pattern?,Multiple instances,Multiple instances,No instances,Variable instances,B,Singleton ensures only one instance of a class exists,Design patterns,,
403,Which pattern is used to create objects?,Observer,Factory,Strategy,Command,B,Factory pattern is used for object creation,Design patterns,,
404,What is the Observer design pattern used for?,Object creation,A notification mechanism between objects,Data storage,Method calling,B,Observer pattern implements notification mechanism,Design patterns,,
405,What is the Factory Method pattern?,Creating objects through interface,Creating objects through interface,Destroying objects,Copying objects,A,Factory Method creates objects through a common interface,Design patterns,,
406,What is the Builder design pattern?,Step by step object construction,Step by step object construction,Object destruction,Object copying,A,Builder pattern constructs objects step by step,Design patterns,,
407,What is the main purpose of the Abstract Factory pattern?,Creating families of related objects,Creating families of related objects,Destroying objects,Copying objects,A,Abstract Factory pattern provides an interface for creating families of related or dependent objects without specifying their concrete classes,Design patterns,,
408,Which of the following design patterns are classified as Behavioral patterns?,"Observer, Strategy, Command","Observer, Strategy, Command","Singleton, Factory, Builder","Proxy, Bridge, Composite",A,"Behavioral patterns focus on communication between objects and the assignment of responsibilities. Observer, Strategy, and Command are all behavioral patterns that define how objects interact.",Design patterns,,
409,Which of the following design patterns are classified as Structural patterns?,"Template Method, Visitor, Iterator","Template Method, Visitor, Iterator","Abstract Factory, Prototype, Builder","Chain of Responsibility, Mediator, State",B,"Structural patterns deal with object composition and relationships between entities. Adapter, Decorator, and Proxy are structural patterns that focus on how classes and objects are composed.",Design patterns,,
410,Which of the following design patterns are classified as Creational patterns?,"Memento, Observer, Command","Memento, Observer, Command","Singleton, Factory Method, Abstract Factory","Strategy, State, Template Method",C,"Creational patterns deal with object creation mechanisms. Singleton, Factory Method, and Abstract Factory are all creational patterns that provide various ways to create objects while hiding the creation logic.",Design patterns,,
411,"In the Builder pattern, what is the main advantage of using a separate Director class?",It encapsulates the construction logic and sequence,It encapsulates the construction logic and sequence,It reduces memory usage,It prevents inheritance,A,"The Director class in Builder pattern encapsulates the construction logic, defining the sequence of steps to build the product, making the construction process reusable and maintainable.",Design patterns,,
412,Which scenario is most appropriate for using the Builder pattern?,Creating simple objects with few properties,Creating simple objects with few properties,Creating objects that need to be copied,Creating objects from existing templates,B,"Builder pattern is ideal for creating complex objects with many optional parameters, avoiding telescoping constructor anti-pattern and providing a fluent interface for object construction.",Design patterns,,
413,What is the main purpose of the Prototype design pattern?,To create objects step by step,To create objects by cloning existing instances,To create families of related objects,To create single instances only,B,"Prototype pattern creates objects by cloning existing instances (prototypes) rather than creating new instances from scratch, which is useful when object creation is expensive.",Design patterns,,
414,"In Java, which method is typically used to implement the Prototype pattern?",toString(),clone(),equals(),hashCode(),B,"The clone() method from the Cloneable interface is typically used to implement the Prototype pattern in Java, allowing objects to create copies of themselves.",Design patterns,,
415,What is the main purpose of the Flyweight design pattern?,To reduce memory usage by sharing common data between objects,Incorrect,To provide a unified interface to a set of interfaces,To define a family of algorithms,A,"Flyweight pattern reduces memory usage by sharing intrinsic state (common data) among multiple objects, while keeping extrinsic state (unique data) separate. This is especially useful when dealing with large numbers of similar objects.",Design patterns,,
416,"In the Flyweight pattern, what is the difference between intrinsic and extrinsic state?","Intrinsic state is mutable, extrinsic state is immutable","Intrinsic state is mutable, extrinsic state is immutable","Intrinsic state is stored externally, extrinsic state is stored internally",There is no difference between them,B,"In Flyweight pattern, intrinsic state is the shared, immutable data stored within the flyweight object, while extrinsic state is the unique, context-dependent data passed to the flyweight methods from the client.",Design patterns,,
417,What is the main purpose of the Mediator design pattern?,To define loose coupling between interacting objects,To define loose coupling between interacting objects,To provide a way to access elements of a collection,To encapsulate algorithms and make them interchangeable,A,"Mediator pattern defines how a set of objects interact with each other by promoting loose coupling. Instead of objects communicating directly, they communicate through a central mediator object, reducing dependencies between communicating objects.",Design patterns,,
418,What is the primary benefit of the Memento design pattern?,It allows objects to communicate without knowing each other,It allows objects to communicate without knowing each other,It provides a way to create families of related objects,It defines a one-to-many dependency between objects,B,"Memento pattern captures and externalizes an object's internal state so that the object can be restored to this state later, all without violating encapsulation. This is commonly used for undo operations and checkpointing.",Design patterns,,
419,Which scenario is most appropriate for using the Singleton pattern?,When you need multiple instances with different configurations,When you need multiple instances with different configurations,When you need to create families of related objects,When you need to copy existing objects,B,"Singleton pattern is most appropriate when you need exactly one instance of a class throughout the application lifecycle, such as database connections, logging services, or configuration managers.",Design patterns,,
420,Which scenario is most appropriate for using the Factory Method pattern?,When you need to restore object states,When you need to restore object states,When you need to reduce memory usage by sharing objects,When you need to provide a simplified interface,B,"Factory Method pattern is most appropriate when a class cannot anticipate the class of objects it must create, or when you want to delegate object creation to subclasses while maintaining loose coupling.",Design patterns,,
421,Which scenario is most appropriate for using the Prototype pattern?,When object creation is expensive and you have a similar object available,When object creation is expensive and you have a similar object available,When you need step-by-step object construction,When you need a single global access point,A,"Prototype pattern is most appropriate when creating an object is expensive (complex initialization, database calls, network operations) and you have a similar object available that can be cloned and modified.",Design patterns,,
422,Which scenario is most appropriate for using the Abstract Factory pattern?,When you need to create a single complex object,When you need to create a single complex object,When you need to add new functionality to existing objects,When you need to define algorithms as separate objects,B,"Abstract Factory pattern is most appropriate when you need to create families of related or dependent objects without specifying their concrete classes, such as creating UI components for different operating systems.",Design patterns,,
423,Which scenario is most appropriate for using the Adapter pattern?,When you need to capture and restore object states,When you need to capture and restore object states,When you need to create objects by cloning,When you need to define one-to-many dependencies,B,"Adapter pattern is most appropriate when you want to use an existing class with an incompatible interface, allowing classes to work together that couldn't otherwise because of incompatible interfaces.",Design patterns,,
424,Which scenario is most appropriate for using the Decorator pattern?,When you need to add responsibilities to objects dynamically without altering their structure,When you need to add responsibilities to objects dynamically without altering their structure,When you need to provide a way to access elements sequentially,When you need to encapsulate a group of individual factories,A,"Decorator pattern is most appropriate when you need to add responsibilities to objects dynamically without altering their structure, such as adding features to a text editor or applying filters to images.",Design patterns,,
425,Which scenario is most appropriate for using the Proxy pattern?,When you need to provide a placeholder or surrogate to control access to another object,When you need to provide a placeholder or surrogate to control access to another object,When you need to separate abstraction from implementation,When you need to convert interfaces between classes,A,"Proxy pattern is most appropriate when you need to provide a placeholder or surrogate to control access to another object, such as lazy loading, access control, caching, or logging.",Design patterns,,
426,Which scenario is most appropriate for using the Flyweight pattern?,When you need to support large numbers of fine-grained objects efficiently,When you need to support large numbers of fine-grained objects efficiently,When you need to provide undo functionality,When you need to traverse a collection sequentially,A,"Flyweight pattern is most appropriate when you need to support large numbers of fine-grained objects efficiently by sharing intrinsic state, such as characters in a text editor or particles in a game.",Design patterns,,
427,Which scenario is most appropriate for using the Observer pattern?,When you need to notify multiple objects about state changes in another object,When you need to notify multiple objects about state changes in another object,When you need to create objects step by step,When you need to avoid tight coupling between sender and receiver,A,"Observer pattern is most appropriate when you need to notify multiple objects about state changes in another object, such as updating multiple views when model data changes in MVC architecture.",Design patterns,,
428,Which scenario is most appropriate for using the Strategy pattern?,When you need to define a family of algorithms and make them interchangeable,When you need to define a family of algorithms and make them interchangeable,When you need to provide a way to access elements of a collection,When you need to create families of related objects,A,"Strategy pattern is most appropriate when you need to define a family of algorithms, encapsulate each one, and make them interchangeable, such as different sorting algorithms or payment processing methods.",Design patterns,,
429,Which scenario is most appropriate for using the Command pattern?,When you need to parameterize objects with operations and support undo functionality,When you need to parameterize objects with operations and support undo functionality,When you need to provide a unified interface to different subsystems,When you need to share common data between multiple objects,A,"Command pattern is most appropriate when you need to parameterize objects with operations, queue operations, log requests, and support undo functionality, such as implementing menu actions or macro recording.",Design patterns,,
430,Which scenario is most appropriate for using the Mediator pattern?,When you need to reduce coupling between interacting objects by centralizing communication,When you need to reduce coupling between interacting objects by centralizing communication,When you need to create objects efficiently by sharing state,When you need to provide controlled access to another object,A,"Mediator pattern is most appropriate when you need to reduce coupling between interacting objects by centralizing their communication through a mediator, such as coordinating interactions in a dialog box or chat room.",Design patterns,,
431,Which scenario is most appropriate for using the Memento pattern?,When you need to capture and restore an object's state for undo operations,When you need to capture and restore an object's state for undo operations,When you need to notify multiple objects about changes,When you need to define algorithms as interchangeable objects,A,"Memento pattern is most appropriate when you need to capture and restore an object's state for undo operations without violating encapsulation, such as implementing undo/redo functionality in text editors or games.",Design patterns,,
432,Which scenario is most appropriate for using the Bridge pattern?,When you want to separate an abstraction from its implementation so both can vary independently,When you want to separate an abstraction from its implementation so both can vary independently,When you need to provide a unified interface to a set of interfaces,When you need to add responsibilities to objects dynamically,A,"Bridge pattern is most appropriate when you want to separate an abstraction from its implementation so that both can vary independently, such as supporting multiple database drivers or UI frameworks.",Design patterns,,
433,Which scenario is most appropriate for using the Composite pattern?,When you need to provide controlled access to another object,When you need to provide controlled access to another object,When you need to capture and restore object states,When you need to define loose coupling between objects,B,"Composite pattern is most appropriate when you want to compose objects into tree structures to represent part-whole hierarchies, such as file systems, UI component hierarchies, or organizational structures.",Design patterns,,
434,Which scenario is most appropriate for using the Facade pattern?,When you need to provide a simplified interface to a complex subsystem,When you need to provide a simplified interface to a complex subsystem,When you need to support large numbers of objects efficiently,When you need to separate abstraction from implementation,A,"Facade pattern is most appropriate when you need to provide a simplified interface to a complex subsystem, such as wrapping complex APIs, database operations, or third-party libraries with easier-to-use methods.",Design patterns,,
435,Which scenario is most appropriate for using the Chain of Responsibility pattern?,When you want to pass requests along a chain of handlers until one handles it,When you want to pass requests along a chain of handlers until one handles it,When you need to provide a way to access elements sequentially,When you need to compose objects into tree structures,A,"Chain of Responsibility pattern is most appropriate when you want to pass requests along a chain of handlers until one handles it, such as event handling systems, approval workflows, or logging frameworks with different log levels.",Design patterns,,
436,Which scenario is most appropriate for using the Iterator pattern?,When you need to provide a way to access elements of a collection sequentially without exposing its underlying representation,When you need to provide a way to access elements of a collection sequentially without exposing its underlying representation,When you need to reduce coupling between interacting objects,When you need to define a family of algorithms,A,"Iterator pattern is most appropriate when you need to provide a way to access elements of a collection sequentially without exposing its underlying representation, such as traversing lists, trees, or custom data structures.",Design patterns,,
437,Which scenario is most appropriate for using the State pattern?,When you want an object to alter its behavior when its internal state changes,When you want an object to alter its behavior when its internal state changes,When you need to provide a simplified interface to a complex system,When you need to create objects by cloning existing instances,A,"State pattern is most appropriate when you want an object to alter its behavior when its internal state changes, such as state machines, game character behaviors, or workflow management systems.",Design patterns,,
438,Which scenario is most appropriate for using the Template Method pattern?,When you want to define the skeleton of an algorithm and let subclasses override specific steps,When you want to define the skeleton of an algorithm and let subclasses override specific steps,When you need to provide controlled access to another object,When you need to compose objects into tree structures,A,"Template Method pattern is most appropriate when you want to define the skeleton of an algorithm in a base class and let subclasses override specific steps, such as data processing pipelines, sorting algorithms, or framework hooks.",Design patterns,,
439,Which scenario is most appropriate for using the Visitor pattern?,When you want to define new operations on objects without changing their classes,When you want to define new operations on objects without changing their classes,When you need to capture and restore object states,When you need to reduce memory usage by sharing objects,A,"Visitor pattern is most appropriate when you want to define new operations on objects without changing their classes, such as adding new operations to AST nodes, file system traversal, or compiler optimizations.",Design patterns,,
440,What is the main principle of Inversion of Control (IoC) in software development?,The control of object creation and dependency management is transferred from the application code to an external framework or container,The control of object creation and dependency management is transferred from the application code to an external framework or container,All objects must be created using the new keyword,Dependencies are hardcoded within each class,A,"Inversion of Control (IoC) is a design principle where the control of object creation and dependency management is inverted - instead of objects creating their own dependencies, an external framework or container manages and injects these dependencies, promoting loose coupling and better testability.",Design patterns,,
441,What is the primary purpose of the MVC (Model-View-Controller) design pattern?,To separate application logic into three interconnected components for better organization and maintainability,To separate application logic into three interconnected components for better organization and maintainability,To provide a way to access elements of a collection sequentially,To reduce memory usage by sharing objects,A,"MVC pattern separates an application into three main components: Model (data and business logic), View (user interface), and Controller (handles user input and coordinates between Model and View), promoting separation of concerns and maintainability.",Design patterns,,
442,"In the MVC pattern, which component is responsible for handling user input and coordinating between the Model and View?",Model - manages data and business rules,Model - manages data and business rules,Controller - processes user input and coordinates Model-View interaction,Service - handles business logic processing,C,"The Controller component in MVC pattern is responsible for handling user input (such as button clicks, form submissions), processing that input, updating the Model as needed, and determining which View should be displayed to the user.",Design patterns,,
443,What is JUnit?,Testing framework,Incorrect,Database framework,Web framework,A,JUnit is a testing framework for Java applications,JUnit,,
444,Which annotation is used to mark a test method in JUnit 5?,@Test,@Test,@UnitTest,@Testing,A,@Test annotation marks methods as test methods in JUnit 5,JUnit,,
445,What is an assertion in JUnit?,Statement that checks expected vs actual result,Incorrect,Setup method,Cleanup method,A,Assertion verifies that expected and actual results match,JUnit,,
446,Which method is used for basic equality assertion?,assertEquals(),Incorrect,verifyEquals(),testEquals(),A,assertEquals() is the basic method for equality assertions,JUnit,,
447,What happens when an assertion fails?,Test continues,Test continues,Test is skipped,Test passes,B,Failed assertion stops the test and marks it as failed,JUnit,,
448,Which annotation runs before each test method?,@BeforeEach,@BeforeEach,@Setup,@Init,A,@BeforeEach runs before each individual test method,JUnit,,
449,Which annotation runs before all test methods?,@BeforeEach,@BeforeEach,@Setup,@Init,B,@BeforeAll runs once before all test methods in the class,JUnit,,
450,What is a test fixture?,Test data and environment setup,Test data and environment setup,Test method,Test class,A,Test fixture provides consistent test environment and data,JUnit,,
451,Which annotation is used to ignore a test in JUnit 5?,@Ignore,@Ignore,@Disabled,@Exclude,C,@Disabled annotation is used to disable tests in JUnit 5,JUnit,,
452,What was the annotation to ignore tests in JUnit 4?,@Disabled,@Disabled,@Ignore,@Exclude,C,@Ignore was used to ignore tests in JUnit 4,JUnit,,
453,Which assertion checks if a condition is true?,assertTrue(),Incorrect,verifyTrue(),isTrue(),A,assertTrue() verifies that a condition evaluates to true,JUnit,,
454,Which assertion checks if a condition is false?,assertFalse(),assertFalse(),verifyFalse(),isFalse(),A,assertFalse() verifies that a condition evaluates to false,JUnit,,
455,What does assertNull() check?,Object is null,Incorrect,Object exists,Object is empty,A,assertNull() verifies that an object reference is null,JUnit,,
456,What does assertNotNull() check?,Object is null,Object is null,Object exists,Object is empty,B,assertNotNull() verifies that an object reference is not null,JUnit,,
457,Which assertion checks if two objects refer to the same instance?,assertSame(),assertSame(),assertIdentical(),assertReference(),A,assertSame() checks if two references point to the same object,JUnit,,
458,What is the difference between assertEquals() and assertSame()?,Content vs reference comparison,Incorrect,Reference vs content comparison,Both are same,A,"assertEquals() compares content, assertSame() compares object references",JUnit,,
459,How do you run JUnit tests?,"IDE, Maven, Gradle, command line",Incorrect,Only command line,Only Maven,A,"JUnit tests can be run through IDE, build tools, or command line",JUnit,,
460,What is @DisplayName used for?,Custom test name display,Incorrect,Test grouping,Test timeout,A,@DisplayName provides custom names for test display,JUnit,,
461,Which lifecycle method runs after each test?,@AfterEach,Incorrect,@Cleanup,@Destroy,A,@AfterEach runs after each individual test method,JUnit,,
462,Which lifecycle method runs after all tests?,@AfterEach,"""@AfterAll""",@Cleanup,@Destroy,B,@AfterAll runs once after all test methods complete,JUnit,,
463,What is @Timeout used for?,Limiting test execution time,Incorrect,Scheduling tests,Test repetition,A,@Timeout sets maximum execution time for tests,JUnit,,
464,What does @RepeatedTest do?,Runs test multiple times,Incorrect,Skips test,Groups tests,A,@RepeatedTest executes the same test multiple times,JUnit,,
465,How do you group related tests?,@Nested,Incorrect,@Category,@Suite,A,@Nested allows grouping related tests in inner classes,JUnit,,
466,What is parameterized testing?,Running same test with different data,Incorrect,Running tests in parallel,Running tests sequentially,A,Parameterized tests run the same test logic with different input data,JUnit,,
467,Which annotation is used for parameterized tests?,@ParameterizedTest,Incorrect,@ValueTest,@InputTest,A,@ParameterizedTest marks methods for parameterized testing,JUnit,,
468,What does @ValueSource provide?,Simple parameter values,Incorrect,Test configuration,Test order,A,@ValueSource provides simple parameter values for parameterized tests,JUnit,,
469,What is the purpose of assumptions in JUnit?,Conditional test execution,Incorrect,Test setup,Test cleanup,A,Assumptions allow conditional test execution based on environment,JUnit,,
470,Which method creates an assumption?,assumeTrue(),Incorrect,condition(),require(),A,assumeTrue() creates assumptions for conditional test execution,JUnit,,
471,What happens when an assumption fails?,Test is skipped,Incorrect,Test passes,Test continues,A,Failed assumptions cause the test to be skipped (not failed),JUnit,,
472,How do you check for expected exceptions?,assertThrows(),Incorrect,checkException(),verifyThrows(),A,assertThrows() verifies that specific exceptions are thrown,JUnit,,
473,What is test-driven development (TDD)?,Write tests before implementing code,Incorrect,Write tests and code together,Don't write tests,A,TDD involves writing tests before implementing the actual code,JUnit,,
474,What is a mock object in testing?,Fake object implementation for testing,Incorrect,Test data,Test method,A,Mock objects are fake implementations used for isolated testing,JUnit,,
475,Which framework is commonly used with JUnit for mocking?,Mockito,Incorrect,Selenium,Spring,A,Mockito is the most popular mocking framework used with JUnit,JUnit,,
476,What is code coverage?,Percentage of code tested,Incorrect,Test execution time,Test complexity,A,Code coverage measures what percentage of code is executed by tests,JUnit,,
477,What is a test suite?,Collection of test classes,Incorrect,Test configuration,Test result,A,Test suite is a collection of test classes or methods run together,JUnit,,
478,How do you handle test dependencies in JUnit?,"Avoid them, use @BeforeEach",Incorrect,Use @Order,Tests should be dependent,A,Tests should be independent; use setup methods for test preparation,JUnit,,
479,What is the benefit of unit testing?,"Early bug detection, confidence in code",Incorrect,More complex code,Larger file sizes,A,Unit testing helps detect bugs early and provides confidence in code changes,JUnit,,
480,What should you test in a unit test?,Single unit of functionality,Incorrect,Database connections,User interface,A,Unit tests should focus on testing a single unit of functionality in isolation,JUnit,,
481,What makes a good unit test?,"Fast, independent, repeatable",Incorrect,Complex and long,Database dependent,A,"Good unit tests are fast, independent, repeatable, and focused",JUnit,,
482,When should you run unit tests?,Frequently during development,Incorrect,Once a month,Never,A,Unit tests should be run frequently during development to catch issues early,JUnit,,
483,"What does assertEquals(Object, Object) compare by default?",Uses equals() method for comparison,Incorrect,Uses compareTo(),Uses toString(),A,"assertEquals(Object, Object) uses the equals() method for comparison",JUnit,,
484,"What happens if objects don't override equals() in assertEquals(Object, Object)?",Uses Object.equals() which compares references,Incorrect,Runtime exception,Always returns true,A,"Without overridden equals(), it uses Object.equals() which compares object references",JUnit,,
485,"Why might assertEquals(Object, Object) fail for identical content?",Objects don't override equals() properly,Incorrect,JUnit bug,Compiler issue,A,Fails when objects have same content but equals() method compares references instead of content,JUnit,,
486,"What should custom classes override for proper assertEquals(Object, Object) usage?",equals() and hashCode(),Incorrect,compareTo() only,clone() method,A,Custom classes should override both equals() and hashCode() for proper equality comparison,JUnit,,
487,"When comparing String objects, what does assertEquals(Object, Object) use?",String.equals() method,Incorrect,Length comparison,Character array comparison,A,"String class overrides equals() to compare content, so assertEquals works correctly",JUnit,,
488,"What is the difference between assertEquals(primitive, primitive) and assertEquals(Object, Object)?","Primitive version compares values, Object version uses equals()",Incorrect,Object version is faster,Primitive version uses equals(),A,"Primitive version directly compares values, Object version relies on equals() method",JUnit,,
489,"How should you test custom objects with assertEquals(Object, Object)?",Ensure proper equals() implementation,Incorrect,Convert to strings first,Use toString() comparison,A,Custom objects need proper equals() implementation for meaningful assertEquals comparison,JUnit,,
490,"What debugging approach helps when assertEquals(Object, Object) fails unexpectedly?",Check equals() implementation and object state,Incorrect,Change to assertSame(),Use different assertion,A,"When assertEquals fails unexpectedly, verify the equals() method implementation and object contents",JUnit,,
491,How do you remove JUnit JAR from classpath in an IDE?,Project settings → Libraries → Remove JUnit JAR,Incorrect,Rename the JAR file,Move to different folder,A,"In IDE, go to project settings/properties, find libraries section, and remove JUnit JAR from classpath",JUnit,,
492,What is the first step to uninstall JUnit from a Maven project?,Remove JUnit dependency from pom.xml,Incorrect,Remove test folder,Restart IDE,A,"For Maven projects, remove the JUnit dependency declaration from pom.xml file",JUnit,,
493,How do you remove JUnit from a Gradle project?,Remove JUnit from build.gradle dependencies,Incorrect,Remove test source set,Clear Gradle cache,A,"In Gradle projects, remove JUnit from the dependencies block in build.gradle file",JUnit,,
494,"After removing JUnit dependency, what should you do next?",Clean and rebuild project,Incorrect,Delete all test files,Reinstall IDE,A,"After removing dependency, clean and rebuild the project to update classpath",JUnit,,
495,What happens to test files when you remove JUnit?,They remain but won't compile/run,Incorrect,They convert to regular classes,Nothing changes,A,Test files remain in the project but will have compilation errors and cannot be executed,JUnit,,
496,How do you completely remove JUnit from a manual classpath setup?,Remove JAR and update CLASSPATH variable,Incorrect,Rename the JAR file,Move JAR to system folder,A,Remove the JUnit JAR file and update the CLASSPATH environment variable to exclude it,JUnit,,
497,What is the command to remove JUnit via command line in Maven?,mvn dependency:purge-local-repository,Incorrect,mvn test,mvn install,A,Use Maven dependency plugin to purge JUnit from local repository if needed,JUnit,,
498,What should you check after removing JUnit from IDE?,Project libraries and module dependencies,Incorrect,Only test folder,Only main source folder,A,"Verify that JUnit is removed from project libraries, module dependencies, and classpath settings",JUnit,,
499,How many tests ran? (Syntax for checking test count),Tests run: X,Incorrect,Executed: X,Count: X,A,JUnit typically reports 'Tests run: X' where X is the number of executed tests,JUnit,,
500,"What does 'Tests run: 5, Failures: 1, Errors: 0, Skipped: 0' mean?","5 tests executed, 1 failed assertion, 0 errors, 0 skipped",Incorrect,5 test classes,5 test methods per class,A,"This shows 5 tests were executed, 1 had a failed assertion, no errors occurred, and none were skipped",JUnit,,
501,"In Maven output, where do you find the test count?",In the test execution summary,Incorrect,In target folder,In src folder,A,"Maven displays test execution summary showing count of run, failed, error, and skipped tests",JUnit,,
502,What does 'Skipped: 2' indicate in test results?,2 tests were not executed,Incorrect,2 tests had errors,2 tests passed,A,"Skipped tests are those that were not executed, often due to @Disabled annotation or failed assumptions",JUnit,,
503,How do you get detailed test count in IDE?,View test results panel/window,Incorrect,Look at file explorer,Count test methods manually,A,"IDEs provide test results panel showing detailed breakdown of passed, failed, skipped, and total test counts",JUnit,,
504,What information does JUnit provide about test execution?,"Run count, failures, errors, skipped, time taken",Incorrect,Only total count,Only execution time,A,JUnit provides comprehensive statistics including counts of different test outcomes and execution time,JUnit,,
505,"In command line, how do you see test statistics?",Check the output summary after test execution,Incorrect,Look in log files,Count manually,A,Command line test execution displays summary with test counts at the end of the run,JUnit,,
506,What does 'Errors: 1' mean in test results?,1 test had an unexpected exception,Incorrect,1 test was skipped,1 test passed,A,"Errors indicate unexpected exceptions during test execution, different from assertion failures",JUnit,,
507,Which access modifier provides the most restrictive access?,final,public,private,default,C,Private access modifier restricts access to within the same class only,Access modifiers,,
508,Which access modifier allows access within package and subclasses?,private,public,protected,default,C,Protected allows access within package and to subclasses,Access modifiers,,
509,What is the default access modifier for class members?,Incorrect,public,protected,package-private,D,Default access is package-private,Access modifiers,,
510,What does public access modifier allow?,Access everywhere,Incorrect,Access in class only,No access,A,Public allows access from anywhere,Access modifiers,,
511,What does private access modifier restrict?,Access to same class only,Incorrect,Access to subclasses,No restriction,A,Private restricts access to the same class only,Access modifiers,,
512,What does the protected access modifier allow?,Incorrect,Access only within the same package and to subclasses,Access everywhere,Access only in subclasses,B,Protected allows access within the same package and to subclasses (even in different packages).,Access modifiers,,
513,Which access modifier provides the most restrictive access?,public,Incorrect,default (package-private),private,D,"Private is the most restrictive access modifier, allowing access only within the same class.",Access modifiers,,
514,Which access modifier provides the least restrictive access?,public,Incorrect,default (package-private),private,A,"Public is the least restrictive access modifier, allowing access from anywhere in the application.",Access modifiers,,
515,Can a private method be overridden in a subclass?,"Yes, always",No,Only if marked as virtual,Only with super keyword,B,"Private methods cannot be overridden because they are not visible to subclasses. Subclasses can define methods with the same name, but this is not overriding.",Access modifiers,,
516,What happens when you try to access a private field from outside its class?,Incorrect,Returns null,Compilation error,Runtime exception,C,Attempting to access a private field from outside its class results in a compilation error because private members are not visible outside their declaring class.,Access modifiers,,
517,Which access modifier should be used for utility methods that should be accessible from any class?,Incorrect,private,default,public,D,Utility methods that need to be accessible from any class should be declared as public to allow unrestricted access.,Access modifiers,,
518,Can a protected member be accessed by a class in a different package that is not a subclass?,"Yes, always",No,Only with import statement,Only with qualified name,B,Protected members cannot be accessed by non-subclass classes in different packages. They are only accessible within the same package or by subclasses.,Access modifiers,,
519,What is the access level of a class member when no access modifier is specified?,Incorrect,public,protected,package-private (default),D,"When no access modifier is specified, the member has package-private (default) access, meaning it's accessible within the same package only.",Access modifiers,,
520,Which access modifier allows access within the same package but not from subclasses in different packages?,Incorrect,public,protected,default (package-private),D,"Default (package-private) access allows access within the same package only, but not from subclasses in different packages (unlike protected).",Access modifiers,,
521,Can a public class have private constructors?,Yes,Incorrect,Only static classes,Only final classes,A,A public class can have private constructors. This is commonly used in singleton patterns or utility classes to control object instantiation.,Access modifiers,,
522,In which scenario would you use protected access modifier?,Incorrect,For utility methods used everywhere,For methods that subclasses need to override or access,For constants used across applications,C,"Protected is used when subclasses need to access or override methods/fields, but you don't want them to be publicly accessible.",Access modifiers,,
523,What access modifier should be used for fields that represent internal state of an object?,Incorrect,public,default,private,D,Fields representing internal state should be private to maintain encapsulation and prevent direct external manipulation.,Access modifiers,,
524,Can you decrease the access level when overriding a method?,"Yes, always",No,Only from public to protected,Only from protected to private,B,You cannot decrease the access level when overriding a method. The overriding method must have the same or more permissive access level.,Access modifiers,,
525,What is the correct order of access modifiers from most restrictive to least restrictive?,"public, protected, default, private","private, default (package-private), protected, public","default, private, protected, public","private, protected, default, public",B,"The correct order from most restrictive to least restrictive is: private, default (package-private), protected, public.",Access modifiers,,
526,Can a protected method be accessed by an instance of a subclass from a different package?,No,"Yes, always",Only through inheritance,"Yes, but only by the subclass itself",D,"A protected method can be accessed by a subclass in a different package, but only within the subclass itself, not through instances of the subclass.",Access modifiers,,
527,Which access modifier is recommended for getter and setter methods?,Protected,private,default,public,D,Getter and setter methods are typically public because they provide controlled access to private fields from outside the class.,Access modifiers,,
528,What happens if you try to override a public method with a private method?,Method is overridden successfully,Compilation error,Runtime error,"Method is hidden, not overridden",B,Attempting to override a public method with a private method results in a compilation error because you cannot reduce the access level.,Access modifiers,,
529,Can a private inner class be accessed from outside the outer class?,"Yes, with proper import",No,Only through reflection,Only if static,B,"Private inner classes cannot be accessed from outside the outer class, regardless of how you try to access them in normal code.",Access modifiers,,
530,Which access modifier should be used for constants that are part of a public API?,Incorrect,private,default,public,D,Constants that are part of a public API should be declared as public so they can be accessed by client code.,Access modifiers,,
531,What is the difference between default and protected access in the same package?,No difference,Incorrect,Protected is more restrictive,"Default allows inheritance, protected doesn't",A,"Within the same package, default and protected access behave identically - both allow access to all classes in the package.",Access modifiers,,
532,Can a top-level class be declared as private?,Yes,No,Only nested classes,Only if static,B,Top-level classes cannot be declared as private. Only public or default (package-private) access is allowed for top-level classes.,Access modifiers,,
533,Which access modifier is inherited when a subclass extends a class?,The same as the parent class,Incorrect,Always private,No access modifier is inherited,A,"When a subclass extends a class, accessible members retain their original access modifiers unless explicitly overridden with the same or more permissive access.",Access modifiers,,
534,What access should helper methods have if they are only used within the same class?,Incorrect,public,default,private,D,Helper methods used only within the same class should be private to encapsulate implementation details and prevent external access.,Access modifiers,,
535,Can you access a protected member through an object reference in the same package?,"Yes, always",Incorrect,Only if it's a subclass instance,Depends on the member type,A,"Protected members can be accessed through any object reference within the same package, regardless of whether it's a subclass or not.",Access modifiers,,
536,What happens when you try to make a private method public in a subclass?,Method is overridden,Method is overloaded,Compilation error,Method is hidden,B,"Since private methods are not inherited, creating a public method with the same name in a subclass results in method overloading, not overriding.",Access modifiers,,
537,Which access level should be used for methods that are part of the class's public contract?,Incorrect,private,default,public,D,Methods that are part of the class's public contract (intended to be used by external clients) should be declared as public.,Access modifiers,,
538,Can a protected constructor be called from a different package?,No,"Yes, from any class",Only from subclasses,Only with super() call,C,"A protected constructor can only be called from subclasses, even if they are in different packages. Non-subclass classes in different packages cannot access it.",Access modifiers,,
539,What is the access level of members in an interface by default?,Incorrect,private,default,public,D,"All members in an interface are public by default. Methods are public abstract, and fields are public static final.",Access modifiers,,
540,Can you reduce the access level of a field when inheriting?,"Yes, always",No,Only from public to protected,Only with hiding,B,Fields cannot be overridden in Java; they can only be hidden. The access level of the original field remains unchanged in the parent class.,Access modifiers,,
541,Which access modifier should be used for a method that performs validation and is used by multiple classes in the same package?,protected,private,default (package-private),public,C,A validation method used by multiple classes in the same package should have default (package-private) access to limit its scope to the package.,Access modifiers,,
542,What access modifier should abstract methods in an abstract class have if they need to be implemented by subclasses?,private,protected,default only,public only,B,Abstract methods that need to be implemented by subclasses should be protected (if subclasses might be in different packages) or public (if wider access is needed).,Access modifiers,,
543,Can a private method call a public method in the same class?,Yes,Incorrect,Only with this keyword,Only if static,A,"A private method can call any other method in the same class, regardless of the other method's access level, because they are all within the same class scope.",Access modifiers,,
544,Which access modifier allows access from subclasses but not from other classes in the same package?,private,public,default,None - this is not possible,D,No single access modifier provides access only to subclasses while excluding other classes in the same package. Protected gives access to both subclasses and same-package classes.,Access modifiers,,
545,What happens if you try to access a default (package-private) member from a different package?,Returns null,Incorrect,Compilation error,Runtime exception,C,Attempting to access a default (package-private) member from a different package results in a compilation error because it's not visible outside its package.,Access modifiers,,
546,Can static methods have different access modifiers than instance methods in the same class?,Yes,Incorrect,Only if private,Only if public,A,Static methods can have any access modifier independently of instance methods. Each method's access level is determined individually.,Access modifiers,,
547,Which access modifier should be used for a factory method that creates instances of the class?,private,Incorrect,default,public,D,Factory methods should typically be public so that external clients can use them to create instances of the class.,Access modifiers,,
548,What access level should be used for enum constants?,private,protected,default,public,D,Enum constants are implicitly public static final and should remain public so they can be accessed from external code.,Access modifiers,,
549,Can you access a protected member of a parent class through a sibling class instance?,"Yes, always",No,Only in the same package,Only if both are subclasses,C,You can access a protected member of a parent class through a sibling class instance only if you're in the same package. Cross-package access requires direct inheritance.,Access modifiers,,
550,Which design principle is best supported by using private access for fields?,Inheritance,Polymorphism,Encapsulation,Abstraction,C,Using private access for fields best supports encapsulation by hiding internal data and providing controlled access through methods.,Access modifiers,,
551,What access modifier should be used for a method that initializes static resources and should only be called once?,public,Incorrect,default,private,D,A method that initializes static resources and should only be called internally should be private to prevent external interference with the initialization process.,Access modifiers,,
552,What is the difference between wait() and sleep() methods in Java?,"wait() releases the lock and must be called in synchronized context, sleep() does not release the lock",Incorrect,Both release locks,Neither releases locks,A,"wait() releases the object's monitor lock and must be called within synchronized context, while sleep() does not release any locks and can be called anywhere. wait() is used for inter-thread communication, sleep() for pausing execution.",Concurrency,,
553,Which method must be called from within a synchronized context?,sleep(),wait(),run(),start(),B,"The wait() method must be called from within a synchronized context (synchronized method or block). Calling wait() outside synchronized context throws IllegalMonitorStateException. This is because wait() releases the monitor lock, which the thread must own first.",Concurrency,,
554,What is deadlock in Java concurrency?,"A situation where two or more threads are blocked forever, each waiting for the other to release a resource",Incorrect,A way to speed up thread execution,A type of thread pool,A,"Deadlock occurs when two or more threads are blocked indefinitely, each waiting for the other to release a resource. For example, Thread A holds Resource 1 and waits for Resource 2, while Thread B holds Resource 2 and waits for Resource 1. This creates a circular dependency that prevents progress.",Concurrency,,
555,What is the purpose of the volatile keyword in Java?,To make variables faster,To ensure the changes to a variable are immediately visible to all threads,To create new threads,To synchronize methods,B,"The volatile keyword ensures that changes to a variable are visible to all threads immediately. It prevents thread-local caching of the variable and provides a happens-before relationship. However, volatile alone doesn't provide atomicity for compound operations like increment.",Concurrency,,
556,What is the difference between ExecutorService and ThreadPoolExecutor?,"ExecutorService is an interface, ThreadPoolExecutor is a concrete implementation",Incorrect,"ExecutorService is a class, ThreadPoolExecutor is an interface",ExecutorService is deprecated,A,"ExecutorService is an interface that provides methods for managing and controlling thread execution. ThreadPoolExecutor is a concrete implementation of ExecutorService that provides a flexible thread pool with configurable core size, maximum size, keep-alive time, and work queue.",Concurrency,,
557,What is the purpose of the join() method in Thread class?,To combine two threads into one,To allow one thread to wait for another thread to complete its execution,To start a thread,To stop a thread,B,"The join() method allows one thread to wait for another thread to complete its execution. When thread A calls threadB.join(), thread A will block until thread B finishes. This is useful for ensuring that dependent operations complete in the correct order.",Concurrency,,
558,What happens when a thread calls wait() method?,The thread continues execution,The thread enters the waiting state,The thread terminates,The thread sleeps for a specified time,B,"When a thread calls wait(), it releases the object's monitor lock and enters the waiting state. The thread remains in this state until another thread calls notify() or notifyAll() on the same object, or until the optional timeout expires. The thread must reacquire the lock before continuing execution.",Concurrency,,
559,What is the difference between notify() and notifyAll() methods?,"notify() wakes up one waiting thread, notifyAll() wakes up all waiting threads",Incorrect,"notify() wakes up all threads, notifyAll() wakes up one thread",Both methods stop threads,A,"notify() wakes up only one arbitrary thread that is waiting on the object's monitor, while notifyAll() wakes up all threads waiting on the object's monitor. Using notifyAll() is generally safer as it avoids the risk of missing notifications, but notify() can be more efficient when you know only one thread should proceed.",Concurrency,,
560,Which of the following is the correct way to create a thread in Java using Runnable?,Thread t = new Thread(); t.run();,Incorrect,"Thread t = new Thread(new Runnable() { public void run() { System.out.println(Running""); } }); t.start();""","Runnable r = () -> System.out.println(Running""); r.start();""",C,"To create and start a thread using Runnable: 1) Create a Thread object passing the Runnable implementation to the constructor, 2) Call start() on the Thread object (not the Runnable). Option A calls run() instead of start(), Option B tries to call start() on Runnable (which doesn't have this method), Option D tries to call start() on a lambda expression directly.",Concurrency,,
561,What method must be implemented when a class implements Runnable?,start(),run(),execute(),launch(),B,"When implementing the Runnable interface, you must provide an implementation of the run() method. This method contains the code that will be executed when the thread runs. The start() method belongs to the Thread class, not Runnable. The execute() and launch() methods are not part of the Runnable interface.",Concurrency,,
562,Which of the following is NOT a valid way to start a thread?,Incorrect,new Thread(new MyRunnable()).start();,Thread t = new Thread(myRunnable); t.start();,"Thread t = new Thread(() -> System.out.println(Hello"")); t.start();""",B,"Option B calls the run() method directly on the Runnable object, which executes the code in the current thread rather than starting a new thread. To start a new thread, you must call start() on a Thread object. Options A, C, and D all correctly create Thread objects and call start() to begin new thread execution.",Concurrency,,
563,What is the purpose of the Thread.sleep() method?,Incorrect,To destroy the thread,To pause the current thread for a specified time,To stop the thread permanently,C,"Thread.sleep() causes the currently executing thread to pause for a specified number of milliseconds. The thread enters the TIMED_WAITING state and will resume execution after the sleep period expires or if interrupted. It does not destroy, stop, or wait for locks - it simply pauses execution temporarily.",Concurrency,,
564,Which interface allows a class to be executed by a thread?,Incorrect,Thread,Runnable,Callable,C,"The Runnable interface allows a class to be executed by a thread. It defines a single method run() that contains the code to be executed. Thread is a class, not an interface. Executor is for managing thread execution but doesn't make a class executable. Callable is similar to Runnable but returns a result and can throw exceptions.",Concurrency,,
565,What happens if you call run() instead of start() on a thread?,Incorrect,A new thread is created,The code runs in the current thread,The thread is paused,C,"Calling run() directly executes the thread's code in the current thread (the caller's thread), not in a new thread. This means no concurrent execution occurs. To achieve true multithreading, you must call start(), which creates a new thread and then calls run() within that new thread context. Calling run() directly is just a normal method call.",Concurrency,,
566,Which of the following will cause a race condition when accessed from multiple threads?,Incorrect,A local variable inside run(),A shared non-synchronized variable,A volatile variable,C,"A shared non-synchronized variable can cause race conditions because multiple threads can read and write to it concurrently without proper synchronization. Local variables are thread-safe (each thread has its own stack), static final constants are immutable, and volatile variables provide visibility guarantees that help prevent certain race conditions.",Concurrency,,
567,What is true about daemon threads in Java?,Incorrect,They block the JVM from shutting down,They run in the background and do not prevent JVM from exiting,They have higher priority than user threads,C,"Daemon threads are background threads that do not prevent the JVM from exiting when all user (non-daemon) threads have finished. Examples include garbage collector threads. When only daemon threads remain running, the JVM will shut down. You can set a thread as daemon using setDaemon(true) before starting it.",Concurrency,,
568,Which collection maintains insertion order?,ArrayList,HashSet,LinkedHashSet,None,C,LinkedHashSet maintains the insertion order of elements,Collections,,
569,What is the default size of ArrayList?,6,10,15,16,B,ArrayList has a default initial capacity of 10,Collections,,
570,Which interface represents a collection that does not allow duplicates?,List,Set,Queue,Map,B,Set interface does not allow duplicate elements,Collections,,
571,Which collection is synchronized?,ArrayList,Vector,LinkedList,HashMap,B,Vector is synchronized unlike ArrayList,Collections,,
572,What is the difference between HashMap and TreeMap?,Ordering,Incorrect,Type safety,All of the above,A,"TreeMap maintains sorted order, HashMap does not",Collections,,
573,Which collection allows null values?,ArrayList,HashMap,TreeMap values,Both A and C,D,"ArrayList and TreeMap values allow null, TreeSet does not",Collections,,
574,What is the initial capacity of HashMap?,8,16,32,64,B,HashMap has default initial capacity of 16,Collections,,
575,Which interface is the root of Collection hierarchy?,List,Incorrect,Collection,Map,C,Collection interface is the root of collection hierarchy,Collections,,
576,What is the purpose of the Iterator interface in Java?,To create objects,To traverse collections sequentially,To sort collections,To compare objects,B,"Iterator interface provides a standard way to traverse (access elements sequentially) through collections like ArrayList, HashSet, etc., without exposing the underlying implementation details.",Collections,,
577,Which method checks if there are more elements in an Iterator?,hasNext(),Incorrect,next(),available(),A,"The hasNext() method returns true if there are more elements to iterate over, false otherwise. It should be called before next() to avoid NoSuchElementException.",Collections,,
578,What does the next() method do in an Iterator?,Returns the current element,Returns the next element,Checks if next element exists,Skips the next element,B,"The next() method returns the next element in the iteration and advances the iterator position. If no more elements exist, it throws NoSuchElementException.",Collections,,
579,Which method is used to remove an element during iteration?,delete(),remove(),erase(),clear(),B,The remove() method removes the last element returned by next() from the underlying collection. It can only be called once per call to next() and must be called after next().,Collections,,
580,What exception is thrown when calling next() on an Iterator with no more elements?,Incorrect,IllegalStateException,NoSuchElementException,NullPointerException,C,NoSuchElementException is thrown when next() is called on an Iterator that has no more elements. Always use hasNext() to check before calling next().,Collections,,
581,Which type of Iterator allows bidirectional traversal?,Iterator,ListIterator ,BidirectionalIterator,ReverseIterator,B,"ListIterator extends Iterator and provides bidirectional traversal with additional methods like hasPrevious(), previous(), and the ability to add/set elements during iteration.",Collections,,
582,What is the advantage of using Iterator over index-based loops?,Iterator is faster,Iterator works uniformly with all Collection implementations,Iterator uses less memory,Iterator is easier to write,B,"Iterator works uniformly with all Collection implementations (ArrayList, LinkedList, HashSet, etc.), while index-based access only works with indexed collections like List implementations.",Collections,,
583,Can you modify a collection while iterating with a regular for-each loop?,"Yes, always safe",No,"Yes, but only additions","Yes, but only deletions",B,Modifying a collection during for-each iteration (except through Iterator.remove()) throws ConcurrentModificationException. Use Iterator.remove() for safe removal during iteration.,Collections,,
584,What is the difference between fail-fast and fail-safe iterators?,"Fail-fast detects concurrent modification, fail-safe doesn't",Incorrect,Both detect concurrent modification,Neither detects concurrent modification,A,"Fail-fast iterators (like those from ArrayList, HashMap) immediately throw ConcurrentModificationException if collection is modified during iteration. Fail-safe iterators (like ConcurrentHashMap) work on a copy and don't throw exceptions.",Collections,,
585,Which method is specific to ArrayList and not part of the List interface?,trimToSize(),Incorrect,remove(),get(),A,trimToSize() is specific to ArrayList and reduces the capacity of the ArrayList to its current size. This method is not part of the List interface but is an ArrayList-specific optimization method.,Collections,,
586,Which method is specific to LinkedList for adding elements at the beginning?,addFirst(),Incorrect,insert(),prepend(),A,addFirst() is specific to LinkedList (implements Deque) and adds an element at the beginning of the list. This method is not available in ArrayList as it doesn't implement Deque interface.,Collections,,
587,Which method is specific to HashSet for checking the load factor?,getLoadFactor(),Incorrect,capacity(),No such method exists,D,"HashSet doesn't provide a public method to check the load factor. The load factor is an internal parameter used for rehashing, but it's not exposed through public methods in HashSet.",Collections,,
588,Which method is specific to TreeSet for getting elements in a range?,subSet(),Incorrect,between(),filter(),A,"subSet(E fromElement, E toElement) is specific to TreeSet (implements NavigableSet) and returns a view of the portion of the set whose elements range from fromElement to toElement. This method is not available in HashSet.",Collections,,
589,Which method is specific to HashMap for checking if it contains a specific value efficiently?,containsValue(),Incorrect,findValue(),searchValue(),A,"containsValue() is available in HashMap but it's not efficient (O(n) time complexity) as it requires scanning all values. HashMap is optimized for key-based operations, not value-based operations.",Collections,,
590,Which method is specific to TreeMap for getting the first (lowest) key?,firstKey(),Incorrect,minKey(),lowestKey(),A,firstKey() is specific to TreeMap (implements NavigableMap) and returns the first (lowest) key in the map. This method is not available in HashMap as it doesn't maintain order.,Collections,,
591,Which method is specific to PriorityQueue for examining the head without removing it?,peek(),Incorrect,head(),top(),A,"peek() is part of the Queue interface and returns the head of the queue without removing it. In PriorityQueue, this returns the element with highest priority according to the comparator or natural ordering.",Collections,,
592,Which method is specific to ArrayDeque for adding elements at both ends?,addFirst() and addLast(),Incorrect,insertFirst() and insertLast(),prependAdd() and appendAdd(),A,addFirst() and addLast() are methods from the Deque interface implemented by ArrayDeque. These methods allow efficient addition of elements at both ends of the deque.,Collections,,
593,Which LinkedList method removes and returns the first element?,removeFirst(),Incorrect,popFirst(),extractFirst(),A,removeFirst() is specific to LinkedList (implements Deque) and removes and returns the first element. This method throws NoSuchElementException if the list is empty.,Collections,,
594,Which TreeSet method returns the greatest element less than the given element?,lower(),Incorrect,before(),smaller(),A,"lower(E e) is specific to TreeSet (implements NavigableSet) and returns the greatest element strictly less than the given element, or null if no such element exists.",Collections,,
595,Which Vector method is synchronized and specific to Vector class?,addElement(),Incorrect,insert(),append(),A,"addElement() is a legacy method specific to Vector class that adds an element to the end. While Vector's add() method is also synchronized, addElement() is Vector-specific and not part of the List interface.",Collections,,
596,Which LinkedHashSet characteristic makes it different from HashSet?,Maintains insertion order,Incorrect,Smaller memory footprint,Automatic sorting,A,"LinkedHashSet maintains the insertion order of elements using a doubly-linked list, while HashSet doesn't guarantee any order. This makes LinkedHashSet useful when you need a Set with predictable iteration order.",Collections,,
597,Which method is specific to EnumSet for creating sets with enum ranges?,range(),Incorrect,from(),of(),A,"EnumSet.range(E from, E to) creates an enum set containing all elements in the range from 'from' to 'to' inclusive. This is specific to EnumSet and works only with enum types.",Collections,,
598,Which method is specific to WeakHashMap for manual garbage collection triggering?,No such method exists,Incorrect,cleanup(),purge(),A,WeakHashMap doesn't provide a public method to manually trigger cleanup of stale entries. The cleanup happens automatically during normal operations when weak references are garbage collected.,Collections,,
599,Which Hashtable method is synchronized and legacy-specific?,elements(),Incorrect,getValues(),allValues(),A,"elements() is a legacy method specific to Hashtable that returns an enumeration of values. While values() is the preferred method, elements() is Hashtable-specific and synchronized.",Collections,,
600,Which method is specific to ConcurrentHashMap for atomic operations?,putIfAbsent(),Incorrect,insertIfEmpty(),setIfNull(),A,"putIfAbsent(K key, V value) is specific to ConcurrentHashMap and atomically puts a value only if the key is not already present. This method is thread-safe and returns the previous value or null.",Collections,,
601,Which of the following statements is true about java.util.HashMap?,HashMap allows multiple null keys and null values,Incorrect,HashMap allows only one null key and multiple null values,HashMap allows multiple null keys but only one null value,C,"HashMap allows one null key because keys must be unique, and only one null is allowed. There is no limit to how many null values you can have, because values don�t need to be unique.",Collections,,
602,Which collection allows null as both key and value?,HashMap,Incorrect,TreeMap,ConcurrentHashMap,A,Hashtable and ConcurrentHashMap do not allow null keys or values. TreeMap throws NullPointerException if a null key is inserted (unless a custom Comparator allows it).,Collections,,
603,Which collection maintains insertion order?,HashMap,TreeMap, LinkedHashMap,HashSet,C,It maintains the insertion order. HashMap does not maintain any order. TreeMap maintains sorted order of keys (not insertion order). HashSet does not maintain order either,Collections,,
604,What is a generic in Java?,Type safety at compile time,Incorrect,Runtime error,Compilation error,A,Generics provide type safety at compile time,Wrapper Classes & Generics,,
605,Which symbol is used to define generics?,[],(),<>,{},C,Angle brackets <> are used to define generic types,Wrapper Classes & Generics,,
606,What happens when an exception is not handled?,Program continues,Program continues,Nothing happens,Compilation error,B,Unhandled exceptions cause program termination,Exception Handling,,
607,Which block is always executed in exception handling?,try,catch,finally,throw,C,Finally block always executes regardless of exception,Exception Handling,,
608,What is the superclass of all exception classes?,Exception,Incorrect,Throwable,RuntimeException,C,Throwable is the superclass of all exceptions and errors,Exception Handling,,
609,What does the diamond operator <> do?,Type inference,Incorrect,Type casting,Type conversion,A,Diamond operator allows type inference in generics,Wrapper Classes & Generics,,
610,What is checked exception?,Exception checked at runtime,Exception checked at compile time,Exception not checked,Exception ignored,B,Checked exceptions are verified at compile time,Exception Handling,,
611,What is type erasure in generics?,Removing generic type info at runtime,Removing generic type info at compile time,Changing type info,Copying type info,A,Type erasure removes generic type information at runtime,Wrapper Classes & Generics,,
612,What is runtime exception?,Exception at compile time,Exception at run time,No exception,Checked exception,B,Runtime exceptions occur during program execution,Exception Handling,,
613,What is wildcard in generics?,? symbol,! Symbol,& symbol,| symbol,A,Question mark (?) represents wildcard in generics,Wrapper Classes & Generics,,
614,What is try-with-resources?,Automatic resource management,Incorrect,No resource management,Resource duplication,A,Try-with-resources automatically manages resources,Exception Handling,,
615,What is inheritance in Java?,Creating new objects,Acquiring properties and methods of another class,Deleting objects,Copying objects,B,Inheritance allows a class to acquire properties and methods of another class,OOP Concepts,,
616,Which keyword is used to inherit a class in Java?,implements,extends,inherits,super,B,The extends keyword is used to inherit from a class,OOP Concepts,,
617,What is polymorphism?,One name multiple forms,Incorrect,No names,Same name same form,A,Polymorphism allows one interface to be used for a general class of actions,OOP Concepts,,
618,What is a lambda expression?,Anonymous function,Incorrect,Class method,Interface method,A,Lambda expressions represent anonymous functions,Lambda Expression,,
619,Which operator is used in lambda expressions?,->,(=>),::,(==>),A,Arrow operator (->) is used in lambda expressions,Lambda Expression,,
620,What is method overloading?,"Same method name, different parameters","Same method name, same parameters","Different method name, same parameters","Different method name, different parameters",A,Method overloading uses same name with different parameters,OOP Concepts,,
621,What is method overriding?,Redefining method in subclass,Incorrect,Deleting method,Copying method,A,Method overriding redefines a method in the subclass,OOP Concepts,,
622,What is a functional interface?,Interface with multiple methods,Interface with exactly one abstract method,Interface with no methods,Interface with static methods,B,Functional interface has exactly one abstract method,Lambda Expression,,
623,What is abstraction?,Hiding implementation details,Incorrect,Copying details,Deleting details,A,Abstraction hides implementation and shows only essential features,OOP Concepts,,
624,Which keyword is used to create abstract methods?,abstract,Incorrect,static,synchronized,A,Abstract keyword is used for abstract methods,OOP Concepts,,
625,What is the difference between interface and abstract class?,Multiple inheritance,Default methods,Variable declaration,All of the above,D,"Interfaces support multiple inheritance, can have default methods, and different variable rules",OOP Concepts,,
626,What is method reference in Java 8?,Shorthand for lambda,Incorrect,Alternative to lambda,Replacement for lambda,A,Method reference is shorthand notation for lambda expressions,Lambda Expression,,
627,What is composition in OOP?,Has-a relationship,Incorrect,Was-a relationship,Will-be relationship,A,Composition represents has-a relationship between objects,OOP Concepts,,
628,What is aggregation?,Weak association,Incorrect,No association,Multiple association,A,Aggregation is a weak form of association,OOP Concepts,,
629,What is Stream API?,Data processing,Incorrect,Data deletion,Data copying,A,Stream API is used for processing collections of data,Lambda Expression,,
630,What is final keyword used for?,Constants and preventing inheritance,Incorrect,Methods only,Classes only,A,Final creates constants and prevents inheritance/overriding,Java Fundamentals 3,,
631,What is static keyword?,Class level members,Incorrect,Local members,Global members,A,Static keyword creates class-level members,Java Fundamentals 3,,
632,Which loop is entry-controlled?,for,while,Both for and while,do-while,C,For and while loops check condition before entering,Java Fundamentals 3,,
633,What is the size of int in Java?,16 bits,32 bits,64 bits,8 bits,B,Int data type is 32 bits in Java,Java Fundamentals 3,,
634,What is JVM?,Java Virtual Machine,Incorrect,Java Version Machine,Java Vendor Machine,A,JVM stands for Java Virtual Machine,Java Fundamentals 3,,
635,What is the difference between == and equals()?,Reference vs content comparison,Incorrect,Content vs reference comparison,Both compare content,A,"== compares references, equals() compares content",Java Fundamentals 3,,
636,What is String pool?,Memory area for string literals,Incorrect,Memory area for primitives,Memory area for arrays,A,String pool stores string literals for memory optimization,Java Fundamentals 3,,
637,What is autoboxing?,Automatic conversion from primitive to wrapper,Incorrect,No conversion,Type casting,A,Autoboxing automatically converts primitives to wrapper objects,Java Fundamentals 3,,
638,What is unboxing?,Automatic conversion from wrapper to primitive,Incorrect,No conversion,Type casting,A,Unboxing automatically converts wrapper objects to primitives,Java Fundamentals 3,,
639,Which wrapper class is for int?,Int,Incorrect,Integer,int_wrapper,C,Integer is the wrapper class for int primitive,Java Fundamentals 3,,
640,What happens during autoboxing of int 5?,Creates Integer object,Incorrect,Creates String,Compilation error,A,Autoboxing creates Integer.valueOf(5),Java Fundamentals 3,,
641,Which method is called during unboxing?,valueOf(),intValue(),toString(),equals(),B,Unboxing calls the appropriate value method like intValue(),Java Fundamentals 3,,
642,What is the result of: Integer a = 100; int b = a;,Runtime error,Compilation error,b gets value 100,ClassCastException,C,Unboxing automatically converts Integer to int,Java Fundamentals 3,,
643,Can null be unboxed?,Yes,No,Sometimes,Depends on type,B,Unboxing null wrapper object throws NullPointerException,Java Fundamentals 3,,
644,What is cached for Integer autoboxing?,Values -128 to 127,Values -128 to 128,Values 1 to 1000,No caching,A,Integer objects are cached for values -128 to 127,Java Fundamentals 3,,
645,Which of the following is NOT supported by Java classes?,Single inheritance from classes,Multiple inheritance from classes,Method overriding,Method overloading,A,"Java classes support only single inheritance from classes, not multiple inheritance, though interfaces can extend multiple interfaces",OOP Concepts,,
646,Which of the following is the best example of aggregation in real-world modeling?,A Car has an Engine (engine cannot exist without the car),A Department has Employees (employees can exist without the department).,A House has Rooms (rooms cannot exist without the house),A Book has Pages (pages cannot exist without the book),B,Aggregation represents a 'has-a' relationship where child objects can exist independently of the parent. A Department-Employee relationship is aggregation because employees can exist and work in other departments even if the current department is dissolved.,OOP Concepts,,
647,"In Java code, which example best demonstrates aggregation?",class Car { private Engine engine = new Engine(); },class Library { private List<Book> books; },class Circle { private int radius; },class Person { private String name; },B,"In aggregation, the child objects (Books) can exist independently and can be shared among multiple parents (Libraries). Books can be moved between libraries, demonstrating the loose coupling characteristic of aggregation.",OOP Concepts,,
648,Which of the following is the best example of composition in real-world modeling?,A University has Students (students can transfer to other universities),Incorrect,"A House has Rooms (if house is destroyed, rooms cease to exist)",A Library has Books (books can be moved to other libraries),C,Composition represents a strong 'has-a' relationship where child objects cannot exist without the parent. A House-Room relationship is composition because rooms are integral parts of the house and cannot exist independently if the house is destroyed.,OOP Concepts,,
649,"In Java code, which example best demonstrates composition?",class Company { private List<Employee> employees; },class Car { private Engine engine = new Engine();},class School { private List<Student> students; },class Team { private List<Player> players; },B,"In composition, the child object (Engine) is created within the parent (Car) and cannot exist without it. When the Car object is destroyed, the Engine is also destroyed, demonstrating the strong ownership characteristic of composition.",OOP Concepts,,
650,Which of the following is the best example of generalization (inheritance) in real-world modeling?,A Car has an Engine,Incorrect,A Dog is an Animal (Dog inherits characteristics from Animal),A House has Rooms,C,Generalization represents an 'is-a' relationship where a specific class (Dog) inherits properties and behaviors from a more general class (Animal). This demonstrates inheritance where Dog is a specialized type of Animal.,OOP Concepts,,
651,"In Java code, which example best demonstrates generalization (inheritance)?",class Car { private Engine engine; },class Manager extends Employee { },class Library { private List<Book> books; },class House { private List<Room> rooms; },B,"Generalization is implemented through inheritance using the 'extends' keyword. Manager inherits all properties and methods from Employee and adds its own specific attributes, demonstrating the 'is-a' relationship where Manager is a specialized type of Employee.",OOP Concepts,,
652,What is a lambda expression in Java and what are its main characteristics?,"A lambda expression is a concise way to represent anonymous functions with automatic type inference, lexical scoping, and functional interface implementation",Incorrect,A lambda expression is a method that can only be called once and then destroyed,A lambda expression is a special type of loop for iterating collections,A,"Lambda expressions are anonymous functions that provide a concise way to represent instances of functional interfaces. They feature automatic type inference, lexical scoping (access to effectively final variables), and enable functional programming paradigms in Java. Introduced in Java 8, they eliminate boilerplate code of anonymous inner classes.",Lambda Expression,,
653,Which of the following is a valid lambda expression syntax in Java?,"(int x, int y) -> { return x + y; }",Incorrect,"function(x, y) => x + y","def(x, y) -> return x + y",A,"The correct lambda syntax is (parameters) -> expression or (parameters) -> { statements; }. Option A shows proper syntax with explicit parameter types, arrow operator (->), and block body with return statement. The other options use incorrect keywords or syntax from other programming languages.",Lambda Expression,,
654,True or False: Lambda expressions can access and modify local variables from the enclosing scope.,TRUE,FALSE,,,B,False. Lambda expressions can only access local variables from the enclosing scope if they are effectively final (never modified after initialization). They cannot modify local variables from the enclosing scope due to variable capture restrictions. This ensures thread safety and prevents confusion about variable state.,Lambda Expression,,
655,Which statement about method references in Java is most accurate?,Method references are a more concise way to write lambda expressions when the lambda only calls an existing method,Incorrect,Method references create new method implementations at runtime,Method references are slower than lambda expressions,A,"Method references (::) provide a shorthand notation for lambda expressions that only call an existing method. For example, String::toUpperCase is equivalent to s -> s.toUpperCase(). They can reference static methods, instance methods, and constructors, making code more readable and concise.",Lambda Expression,,
656,How do lambda expressions relate to anonymous inner classes in terms of functionality and performance?,Lambda expressions provide the same functionality as anonymous inner classes for functional interfaces but with better performance and more concise syntax,Incorrect,Lambda expressions are always slower than anonymous inner classes,Lambda expressions can implement multiple interfaces while anonymous inner classes cannot,A,"Lambda expressions are essentially a more efficient and concise way to implement functional interfaces compared to anonymous inner classes. The JVM optimizes lambdas using invokedynamic, avoiding the creation of separate .class files and reducing memory overhead. However, anonymous inner classes are still needed for interfaces with multiple abstract methods.",Lambda Expression,,
657,How does the JVM handle lambda expressions internally compared to anonymous inner classes?,"The JVM uses invokedynamic instruction and method handles to optimize lambda expressions, avoiding separate class file generation",Incorrect,The JVM converts all lambda expressions to reflection calls,The JVM treats lambda expressions exactly the same as anonymous inner classes,A,"The JVM uses invokedynamic instruction (introduced in Java 7) and method handles to implement lambda expressions efficiently. Unlike anonymous inner classes which generate separate .class files, lambdas are optimized at runtime using LambdaMetafactory, resulting in better performance and reduced memory footprint.",Lambda Expression,,
658,What is the key difference between inner classes and lambda expressions in terms of scope and 'this' reference?,"In lambda expressions, 'this' refers to the enclosing class instance; in inner classes, 'this' refers to the inner class instance",Incorrect,Both lambda expressions and inner classes handle 'this' reference identically,Lambda expressions cannot access 'this' reference at all,A,"This is a crucial difference: in lambda expressions, 'this' refers to the enclosing class instance (lexical scoping), while in inner classes, 'this' refers to the inner class instance itself. This means lambdas don't create a new scope for 'this', making them more intuitive when accessing enclosing class members.",Lambda Expression,,
659,What is the main difference between String and StringBuffer?,"String is mutable, StringBuffer is immutable","String is immutable, StringBuffer is mutable",Both are mutable,Both are immutable,B,"String objects are immutable (cannot be changed after creation), while StringBuffer objects are mutable (can be modified after creation). This makes StringBuffer more efficient for multiple string modifications.",Java Fundamentals 3,,
660,Which method is used to append text to a StringBuffer?,add(),append(),concat(),insert(),B,"The append() method is used to add text to the end of a StringBuffer. It returns the same StringBuffer object, allowing method chaining like sb.append('Hello').append(' World').",Java Fundamentals 3,,
661,What is the difference between StringBuffer and StringBuilder?,"StringBuffer is synchronized, StringBuilder is not","StringBuilder is synchronized, StringBuffer is  not",Both are synchronized,Neither is synchronized,A,"StringBuffer methods are synchronized (thread-safe), making it slower but safe for multi-threaded environments. StringBuilder is not synchronized, making it faster but not thread-safe.",Java Fundamentals 3,,
662,Which method returns the current capacity of a StringBuffer?,size(),Incorrect,capacity(),maxSize(),C,"The capacity() method returns the current capacity (allocated space) of the StringBuffer, while length() returns the number of characters currently stored. Capacity is usually larger than length to allow for growth.",Java Fundamentals 3,,
663,What happens when a StringBuffer exceeds its capacity?,Throws an exception,Automatically increases the capacity,Data is truncated,Nothing happens,B,"When a StringBuffer exceeds its current capacity, it automatically increases the capacity (usually doubles it plus 2) to accommodate the new data. This process is called automatic expansion.",Java Fundamentals 3,,
664,Which method is used to remove characters from a StringBuffer?,remove(),delete(),clear(),erase(),B,"The delete(int start, int end) method removes characters from the specified start index (inclusive) to end index (exclusive). There's also deleteCharAt(int index) to remove a single character.",Java Fundamentals 3,,
665,Which StringBuffer method is used to reverse the contents?,reverse(),revert(),invert(),backwards(),A,"The reverse() method reverses the sequence of characters in the StringBuffer. For example, 'Hello' becomes 'olleH'. It modifies the StringBuffer in place and returns the same object for method chaining.",Java Fundamentals 3,,
666,Which OOP principle allows a subclass to provide a specific implementation of a method that is already defined in its parent class?,Encapsulation,Inheritance,Polymorphism,Abstraction,C,"Polymorphism allows a subclass to override methods from the parent class, providing specific implementations. This is achieved through method overriding at runtime.",OOP Concepts,,
667,What is the difference between method overloading and method overriding in Java?,"Overloading is compile-time, overriding is runtime","Overloading is  runtime, overriding is compile-time",Both are compile-time,Both are runtime,A,"Method overloading is resolved at compile-time (static polymorphism) based on method signatures, while method overriding is resolved at runtime (dynamic polymorphism) based on the actual object type.",OOP Concepts,,
668,Which keyword is used to prevent a class from being inherited in Java?,static,private,final,abstract,C,"The 'final' keyword when applied to a class prevents it from being inherited. Examples include String, Integer, and other wrapper classes that are final classes.",OOP Concepts,,
669,What is the purpose of the 'super' keyword in Java?,To call parent class constructors and methods,Incorrect,To define static methods,To implement interfaces,A,The 'super' keyword is used to refer to the immediate parent class object. It can call parent class constructors (super()) and access parent class methods and variables that are overridden in the child class.,OOP Concepts,,
670,What are the implicit modifiers for methods declared in an interface?,private abstract,private static,public abstract,package-private abstract,C,"Methods declared in an interface are implicitly public and abstract by default. You don't need to explicitly specify these modifiers - the compiler automatically treats all interface methods as public abstract unless they are default, static, or private methods (introduced in Java 8 and 9). This is why implementing classes must use public access when overriding interface methods.",OOP Concepts,,
671,What are the implicit modifiers for variables declared in an interface?,private static final,private static,public static final,package-private static final,C,"Variables declared in an interface are implicitly public, static, and final. This means they are constants that belong to the interface itself (not instances) and are accessible from anywhere. You must initialize them at declaration since they are final. These are essentially compile-time constants shared by all implementing classes.",OOP Concepts,,
672,What is the main purpose of encapsulation in Java?,To hide data,Incorrect,To delete data,To copy data,A,Encapsulation hides the internal state of an object and requires all interaction to be performed through methods,OOP Concepts,,
673,What happens when you try to access a private field directly from outside the class?,Compilation error,Runtime error,Returns null,Returns default value,A,"Private fields cannot be accessed directly from outside the class, causing a compilation error",OOP Concepts,,
674,Which is better encapsulation: public fields or private fields with getters/setters?,Public fields,private fields with getters/setters,Both are same,Neither is good,B,Private fields with controlled access through getters/setters provide better encapsulation and data protection,OOP Concepts,,
675,"What will obj.getCount() return if count starts at 0 and increment() adds 1, called twice?",0,1,2,Compilation error,C,"Starting at 0, calling increment() twice results in count = 2",OOP Concepts,,
676,"If a class has private int balance = 100, how should external classes access it?",Direct access: obj.balance,Through public getter methods,Through public field,Cannot be accessed,B,Private fields should be accessed through public getter methods following encapsulation principles,OOP Concepts,,
677,What is the correct way to validate input in a setter method?,Check if value is valid before setting,Incorrect,No validation needed,Validation in getter only,A,Setter methods should validate input parameters before updating the field value,OOP Concepts,,
678,What will be the output of this code?,"x = 5, y = 5","x = 5, y = 6","x = 6, y = 6",Compilation error,C,The pre-increment operator ++x increments x first (making it 6) then returns the new value. So y gets the value 6. Both x and y will be 6.,Java Programming,coding,images/ase/code-question-678.jpg
679,What will be the output of this encapsulation example?,"Name: null, Age: 0","Name: null, Age: 1",Compilation error,Runtime error,B,"The code demonstrates proper encapsulation with private fields and public getter/setter methods. The setter validates the age, and since 25 is valid (>0), both name and age are set correctly.",Java Programming,coding,images/ase/code-question-679.jpg
680,What will be the output of this inheritance example?,"Animal speaks, Dog barks",Runtime error,"Dog barks, Dog barks",Compilation error,A,"The code demonstrates inheritance where Dog extends Animal. The super.speak() call invokes the parent class method first, then the child class method executes, resulting in 'Animal speaks' followed by 'Dog barks'.",Java Programming,coding,images/ase/code-question-680.jpg
681,What will be the output of this polymorphism example?,Runtime error,"Animal makes sound, Dog barks",Animal makes sound twice,Compilation error,B,"This demonstrates runtime polymorphism. Although declared as Animal references, the actual objects are Dog and Cat. At runtime, the overridden makeSound() methods in Dog and Cat classes are called, not the Animal class method.",Java Programming,coding,images/ase/code-question-681.jpg
682,What will be the output of this abstraction example?,Circle area: 78.54,Circle area: 78.55,Compilation error,Runtime error,A,"The code demonstrates abstraction using an abstract class. The concrete Circle class implements the abstract calculateArea() method. Math.PI * 5 * 5 = 78.54 (approximately), which gets printed by the displayArea() method.",Java Programming,coding,images/ase/code-question-682.jpg
683,What will be the output of this interface implementation example?,"Flying at 100 km/h, Swimming at 50 km/h",Runtime error,Compilation error,Only Flying at 100 km/h,A,"The Duck class implements both Flyable and Swimmable interfaces. When methods are called on the Duck object, both fly() and swim() methods execute in the order they are called, demonstrating multiple interface implementation.",Java Programming,coding,images/ase/code-question-683.jpg
684,What will be the output of the following code?,Thread is running,throws Exception,Runtime exception,No output,A,"The code creates a MyRunnable object that implements Runnable, creates a Thread with this object, and calls start(). This will create a new thread that executes the run() method, printing 'Thread is running'. The start() method properly creates a new thread and calls run() within that thread context.",Java Programming,coding,images/ase/code-question-684.jpg
685,What will happen when this code is executed?,Runnable with Lambda,Incorrect,Runtime exception,Creates a new thread,A,"The code creates a lambda expression that implements Runnable and directly calls run() on it. Since run() is called directly (not through start()), it executes in the main thread, not a new thread. The lambda expression simply prints 'Runnable with Lambda'. No new thread is created.",Java Programming,coding,images/ase/code-question-685.jpg
686,What will be the output of this program?,Final count: 2000,Final count: 2001,Final count: unpredictable (race condition),Compilation error,C,This code demonstrates a race condition. Two threads (t1 and t2) are incrementing the same shared variable 'count' concurrently without synchronization. The final count will be unpredictable and likely less than 2000 because the increment operation (count++) is not atomic. Multiple threads reading and writing the same variable simultaneously causes data corruption.,Java Programming,coding,images/ase/code-question-686.jpg
687,What will this code print?,Hello from MyThread,Hello from Thread-1,Hello from Thread-0,Compilation error,A,"The code creates a thread using lambda expression, sets its name to 'MyThread' using setName(), and starts it. Inside the lambda, Thread.currentThread().getName() returns the name of the currently executing thread, which is 'MyThread'. So it prints 'Hello from MyThread'.",Java Programming,coding,images/ase/code-question-687.jpg
688,What is the output of this code with thread priorities?,"Always: Thread 1, then Thread 2","Always: Thread 1, then Thread 3",Output order is unpredictable,Compilation error,C,"Thread priorities are hints to the thread scheduler, not guarantees. Even though t2 has MAX_PRIORITY and t1 has MIN_PRIORITY, the actual execution order depends on the OS scheduler and is unpredictable. Both threads might run concurrently or in any order. Priority doesn't guarantee execution order in short-running threads.",Java Programming,coding,images/ase/code-question-688.jpg
689,What happens in this code?,Infinite loop continues running,Program terminates after main thread ends,Compilation error,Runtime exception,B,"The thread is set as a daemon thread using setDaemon(true). Daemon threads don't prevent the JVM from exiting when all non-daemon threads finish. The main thread prints 'Main thread ending' and exits. Since only the daemon thread with infinite loop remains, the JVM terminates the program. The daemon thread stops when the JVM exits.",Java Programming,coding,images/ase/code-question-689.jpg
690,What will be the output of this lambda stream code?,"[4, 8]",Incorrect,"[1, 2, 3, 4, 5]",Compilation error,A,"The code creates a stream from Arrays.asList(1,2,3,4,5), filters even numbers using lambda (n -> n % 2 == 0) which gives [2,4], then maps each to double using lambda (n -> n * 2) which gives [4,8], and collects to list. Final result: [4, 8].",Java Programming,coding,images/ase/code-question-690.jpg
691,What will this functional interface lambda code output?,15,16,25,Compilation error,A,"The code defines a functional interface Calculator with method add(), creates a lambda expression that implements this interface by adding two numbers, then calls calc.add(5, 10) which returns 5 + 10 = 15. The lambda (a, b) -> a + b implements the single abstract method of the functional interface.",Java Programming,coding,images/ase/code-question-691.jpg
692,What is the output of this method reference code?,"HELLO, WORLD",HELLO WORLD,Hello World,Compilation error,A,"The code creates a stream from Arrays.asList('hello', 'world'), uses method reference String::toUpperCase to convert each string to uppercase, and collects to list. Method reference String::toUpperCase is equivalent to lambda s -> s.toUpperCase(). Result: ['HELLO', 'WORLD'], printed as [HELLO, WORLD].",Java Programming,coding,images/ase/code-question-692.jpg
693,What will this Optional with lambda code print?,Present: John,Runtime error,John,Compilation error,A,"The code creates Optional.of('John') which contains the value 'John'. The ifPresent() method takes a lambda that executes only if the Optional contains a value. Since 'John' is present, the lambda name -> System.out.println('Present: ' + name) executes, printing 'Present: John'.",Java Programming,coding,images/ase/code-question-693.jpg
694,Will this generic wildcard code compile?,"Yes, compiles successfully","No, compilation error at line 4","No, compilation error at line 6","No, compilation error at line 8",B,"The code fails at line 4 because you cannot add elements to a List<? extends Number>. The wildcard '? extends Number' makes the list producer-only (PECS rule). While you can read from it as Number, you cannot add any specific type because the compiler doesn't know the exact type. Line 4 tries to add Integer 10 to a wildcard list, which violates type safety.",Java Programming,coding,images/ase/code-question-694.jpg
695,Will this lambda type inference code compile?,"Yes, compiles and runs normally",Incorrect,"No, compilation error - incompatible return types","No, compilation error - lambda ambiguity",D,"The code fails due to lambda ambiguity. Both process(Function<String,Integer>) and process(Function<String,String>) methods match the lambda expression s -> s.length() + """". The compiler cannot determine which overloaded method to call because the lambda could return either Integer or String depending on context. This creates ambiguous method resolution, requiring explicit casting or method reference to resolve.",Java Programming,coding,images/ase/code-question-695.jpg
696,What happens if you try to add an element to an unmodifiable list?,"""C"" is added successfully",Incorrect,A runtime exception is thrown,"The list replaces all elements with ""C""",C,"List.of(...) returns an immutable list. Any attempt to modify it (e.g., add, remove, set) throws UnsupportedOperationException at runtime, even though the code compiles fine.",Collections,coding,images/ase/code-question-696.jpg
697,What is the output of the following code?,1,2,Compilation error,Runtime error,A,Set does not allow duplicates.,Collections,coding,images/ase/code-question-697.jpg
