1,What is the main purpose of encapsulation in Java?,To hide data,To show data,To delete data,To copy data,A,Encapsulation hides the internal state of an object and requires all interaction to be performed through methods,OOP Concepts,,
2,Which access modifier provides the most restrictive access?,public,protected,private,default,C,Private access modifier restricts access to within the same class only,Access modifiers,,
3,What is inheritance in Java?,Creating new objects,Acquiring properties of parent class,Deleting objects,Copying objects,B,Inheritance allows a class to acquire properties and methods of another class,OOP Concepts,,
4,Which keyword is used to inherit a class in Java?,implements,extends,inherits,super,B,The extends keyword is used to inherit from a class,OOP Concepts,,
5,What is polymorphism?,One name multiple forms,Multiple names one form,No names,Same name same form,A,Polymorphism allows one interface to be used for a general class of actions,OOP Concepts,,
6,Which collection maintains insertion order?,HashSet,TreeSet,LinkedHashSet,None,C,LinkedHashSet maintains the insertion order of elements,Collections,,
7,What is the default size of ArrayList?,5,10,15,16,B,ArrayList has a default initial capacity of 10,Collections,,
8,Which interface represents a collection that does not allow duplicates?,List,Set,Queue,Map,B,Set interface does not allow duplicate elements,Collections,,
9,What is a generic in Java?,Type safety,No type safety,Runtime error,Compilation error,A,Generics provide type safety at compile time,Generics,,
10,Which symbol is used to define generics?,[],(),<>,{},C,Angle brackets <> are used to define generic types,Generics,,
11,What is a lambda expression?,Anonymous function,Named function,Class method,Interface method,A,Lambda expressions represent anonymous functions,Lambda Expression,,
12,Which operator is used in lambda expressions?,->,=>,::,->,A,Arrow operator (->) is used in lambda expressions,Lambda Expression,,
13,What is the Singleton design pattern?,Multiple instances,Single instance,No instances,Variable instances,B,Singleton ensures only one instance of a class exists,Design patterns,,
14,Which pattern is used to create objects?,Observer,Factory,Strategy,Command,B,Factory pattern is used for object creation,Design patterns,,
15,What happens when an exception is not handled?,Program continues,Program terminates,Nothing happens,Compilation error,B,Unhandled exceptions cause program termination,Exception Handling,,
16,Which block is always executed in exception handling?,try,catch,finally,throw,C,Finally block always executes regardless of exception,Exception Handling,,
17,What is the superclass of all exception classes?,Exception,Error,Throwable,RuntimeException,C,Throwable is the superclass of all exceptions and errors,Exception Handling,,
18,Which access modifier allows access within package and subclasses?,public,private,protected,default,C,Protected allows access within package and to subclasses,Access modifiers,,
19,What is method overloading?,"Same method name, different parameters","Same method name, same parameters","Different method name, same parameters","Different method name, different parameters",A,Method overloading uses same name with different parameters,OOP Concepts,,
20,What is method overriding?,Redefining method in subclass,Creating new method,Deleting method,Copying method,A,Method overriding redefines a method in the subclass,OOP Concepts,,
21,Which collection is synchronized?,ArrayList,Vector,LinkedList,HashMap,B,Vector is synchronized unlike ArrayList,Collections,,
22,What is the difference between HashMap and TreeMap?,Ordering,Synchronization,Type safety,All of the above,A,"TreeMap maintains sorted order, HashMap does not",Collections,,
23,What does the diamond operator <> do?,Type inference,Type declaration,Type casting,Type conversion,A,Diamond operator allows type inference in generics,Generics,,
24,What is a functional interface?,Interface with multiple methods,Interface with single abstract method,Interface with no methods,Interface with static methods,B,Functional interface has exactly one abstract method,Lambda Expression,,
25,What is the Observer design pattern used for?,Object creation,Notification mechanism,Data storage,Method calling,B,Observer pattern implements notification mechanism,Design patterns,,
26,What is checked exception?,Exception checked at runtime,Exception checked at compile time,Exception not checked,Exception ignored,B,Checked exceptions are verified at compile time,Exception Handling,,
27,What is the default access modifier for class members?,public,private,protected,package-private,D,Default access is package-private,Access modifiers,,
28,What is abstraction?,Hiding implementation details,Showing all details,Copying details,Deleting details,A,Abstraction hides implementation and shows only essential features,OOP Concepts,,
29,Which keyword is used to create abstract methods?,abstract,final,static,synchronized,A,Abstract keyword is used for abstract methods,OOP Concepts,,
30,What is the difference between interface and abstract class?,Multiple inheritance,Method implementation,Variable declaration,All of the above,D,"Interfaces support multiple inheritance, can have default methods, and different variable rules",OOP Concepts,,
31,Which collection allows null values?,ArrayList,TreeSet,TreeMap values,Both A and C,D,"ArrayList and TreeMap values allow null, TreeSet does not",Collections,,
32,What is the initial capacity of HashMap?,8,16,32,64,B,HashMap has default initial capacity of 16,Collections,,
33,What is type erasure in generics?,Removing generic type info at runtime,Adding type info,Changing type info,Copying type info,A,Type erasure removes generic type information at runtime,Generics,,
34,What is method reference in Java 8?,Shorthand for lambda,Longhand for lambda,Alternative to lambda,Replacement for lambda,A,Method reference is shorthand notation for lambda expressions,Lambda Expression,,
35,What is the Factory Method pattern?,Creating objects through interface,Creating objects directly,Destroying objects,Copying objects,A,Factory Method creates objects through a common interface,Design patterns,,
36,What is runtime exception?,Exception at compile time,Exception at runtime,No exception,Checked exception,B,Runtime exceptions occur during program execution,Exception Handling,,
37,What does public access modifier allow?,Access everywhere,Access in package only,Access in class only,No access,A,Public allows access from anywhere,Access modifiers,,
38,What is composition in OOP?,Has-a relationship,Is-a relationship,Was-a relationship,Will-be relationship,A,Composition represents has-a relationship between objects,OOP Concepts,,
39,What is aggregation?,Weak association,Strong association,No association,Multiple association,A,Aggregation is a weak form of association,OOP Concepts,,
40,Which interface is the root of Collection hierarchy?,List,Set,Collection,Map,C,Collection interface is the root of collection hierarchy,Collections,,
41,What is wildcard in generics?,? symbol,* symbol,& symbol,| symbol,A,Question mark (?) represents wildcard in generics,Generics,,
42,What is Stream API?,Data processing,Data storage,Data deletion,Data copying,A,Stream API is used for processing collections of data,Lambda Expression,,
43,What is the Builder design pattern?,Step by step object construction,Quick object construction,Object destruction,Object copying,A,Builder pattern constructs objects step by step,Design patterns,,
44,What is try-with-resources?,Automatic resource management,Manual resource management,No resource management,Resource duplication,A,Try-with-resources automatically manages resources,Exception Handling,,
45,What does private access modifier restrict?,Access to same class only,Access to package,Access to subclasses,No restriction,A,Private restricts access to the same class only,Access modifiers,,
46,What is final keyword used for?,Constants and preventing inheritance,Variables only,Methods only,Classes only,A,Final creates constants and prevents inheritance/overriding,Java basics,,
47,What is static keyword?,Class level members,Instance level members,Local members,Global members,A,Static keyword creates class-level members,Java basics,,
48,Which loop is entry-controlled?,for,while,Both for and while,do-while,C,For and while loops check condition before entering,Java basics,,
49,What is the size of int in Java?,16 bits,32 bits,64 bits,8 bits,B,Int data type is 32 bits in Java,Java basics,,
50,What is JVM?,Java Virtual Machine,Java Variable Machine,Java Version Machine,Java Vendor Machine,A,JVM stands for Java Virtual Machine,Java basics,,
51,What is the difference between == and equals()?,Reference vs content comparison,No difference,Content vs reference comparison,Both compare content,A,"== compares references, equals() compares content",Java basics,,
52,What is String pool?,Memory area for string literals,Memory area for objects,Memory area for primitives,Memory area for arrays,A,String pool stores string literals for memory optimization,Java basics,,
53,What is autoboxing?,Automatic conversion from primitive to wrapper,Manual conversion,No conversion,Type casting,A,Autoboxing automatically converts primitives to wrapper objects,Java basics,,
54,What is unboxing?,Automatic conversion from wrapper to primitive,Manual conversion,No conversion,Type casting,A,Unboxing automatically converts wrapper objects to primitives,Java basics,,
55,Which wrapper class is for int?,Int,INTEGER,Integer,int_wrapper,C,Integer is the wrapper class for int primitive,Java basics,,
56,What happens during autoboxing of int 5?,Creates Integer object,Creates int array,Creates String,Compilation error,A,Autoboxing creates Integer.valueOf(5),Java basics,,
57,Which method is called during unboxing?,valueOf(),intValue(),toString(),equals(),B,Unboxing calls the appropriate value method like intValue(),Java basics,,
58,What is the result of: Integer a = 100; int b = a;,Compilation error,Runtime error,b gets value 100,ClassCastException,C,Unboxing automatically converts Integer to int,Java basics,,
59,Can null be unboxed?,Yes,No,Sometimes,Depends on type,B,Unboxing null wrapper object throws NullPointerException,Java basics,,
60,What is cached for Integer autoboxing?,Values -128 to 127,Values 0 to 100,Values 1 to 1000,No caching,A,Integer objects are cached for values -128 to 127,Java basics,,
61,What is JUnit?,Testing framework,Development framework,Database framework,Web framework,A,JUnit is a testing framework for Java applications,JUnit,,
62,Which annotation is used to mark a test method in JUnit 5?,@Test,@TestMethod,@UnitTest,@Testing,A,@Test annotation marks methods as test methods in JUnit 5,JUnit,,
63,What is an assertion in JUnit?,Statement that checks expected vs actual result,Declaration of test,Setup method,Cleanup method,A,Assertion verifies that expected and actual results match,JUnit,,
64,Which method is used for basic equality assertion?,assertEquals(),checkEquals(),verifyEquals(),testEquals(),A,assertEquals() is the basic method for equality assertions,JUnit,,
65,What happens when an assertion fails?,Test continues,Test stops and fails,Test is skipped,Test passes,B,Failed assertion stops the test and marks it as failed,JUnit,,
66,Which annotation runs before each test method?,@BeforeEach,@BeforeAll,@Setup,@Init,A,@BeforeEach runs before each individual test method,JUnit,,
67,Which annotation runs before all test methods?,@BeforeEach,@BeforeAll,@Setup,@Init,B,@BeforeAll runs once before all test methods in the class,JUnit,,
68,What is a test fixture?,Test data and environment setup,Test result,Test method,Test class,A,Test fixture provides consistent test environment and data,JUnit,,
69,Which annotation is used to ignore a test in JUnit 5?,@Ignore,@Skip,@Disabled,@Exclude,C,@Disabled annotation is used to disable tests in JUnit 5,JUnit,,
70,What was the annotation to ignore tests in JUnit 4?,@Disabled,@Skip,@Ignore,@Exclude,C,@Ignore was used to ignore tests in JUnit 4,JUnit,,
71,Which assertion checks if a condition is true?,assertTrue(),checkTrue(),verifyTrue(),isTrue(),A,assertTrue() verifies that a condition evaluates to true,JUnit,,
72,Which assertion checks if a condition is false?,assertFalse(),checkFalse(),verifyFalse(),isFalse(),A,assertFalse() verifies that a condition evaluates to false,JUnit,,
73,What does assertNull() check?,Object is null,Object is not null,Object exists,Object is empty,A,assertNull() verifies that an object reference is null,JUnit,,
74,What does assertNotNull() check?,Object is null,Object is not null,Object exists,Object is empty,B,assertNotNull() verifies that an object reference is not null,JUnit,,
75,Which assertion checks if two objects refer to the same instance?,assertSame(),assertEquals(),assertIdentical(),assertReference(),A,assertSame() checks if two references point to the same object,JUnit,,
76,What is the difference between assertEquals() and assertSame()?,Content vs reference comparison,No difference,Reference vs content comparison,Both are same,A,"assertEquals() compares content, assertSame() compares object references",JUnit,,
77,How do you run JUnit tests?,"IDE, Maven, Gradle, command line",Only IDE,Only command line,Only Maven,A,"JUnit tests can be run through IDE, build tools, or command line",JUnit,,
78,What is @DisplayName used for?,Custom test name display,Test execution order,Test grouping,Test timeout,A,@DisplayName provides custom names for test display,JUnit,,
79,Which lifecycle method runs after each test?,@AfterEach,@AfterAll,@Cleanup,@Destroy,A,@AfterEach runs after each individual test method,JUnit,,
80,Which lifecycle method runs after all tests?,@AfterEach,@AfterAll,@Cleanup,@Destroy,B,@AfterAll runs once after all test methods complete,JUnit,,
81,What is @Timeout used for?,Limiting test execution time,Setting test delay,Scheduling tests,Test repetition,A,@Timeout sets maximum execution time for tests,JUnit,,
82,What does @RepeatedTest do?,Runs test multiple times,Runs test once,Skips test,Groups tests,A,@RepeatedTest executes the same test multiple times,JUnit,,
83,How do you group related tests?,@Nested,@Group,@Category,@Suite,A,@Nested allows grouping related tests in inner classes,JUnit,,
84,What is parameterized testing?,Running same test with different data,Running different tests,Running tests in parallel,Running tests sequentially,A,Parameterized tests run the same test logic with different input data,JUnit,,
85,Which annotation is used for parameterized tests?,@ParameterizedTest,@DataTest,@ValueTest,@InputTest,A,@ParameterizedTest marks methods for parameterized testing,JUnit,,
86,What does @ValueSource provide?,Simple parameter values,Complex objects,Test configuration,Test order,A,@ValueSource provides simple parameter values for parameterized tests,JUnit,,
87,What is the purpose of assumptions in JUnit?,Conditional test execution,Test assertions,Test setup,Test cleanup,A,Assumptions allow conditional test execution based on environment,JUnit,,
88,Which method creates an assumption?,assumeTrue(),assume(),condition(),require(),A,assumeTrue() creates assumptions for conditional test execution,JUnit,,
89,What happens when an assumption fails?,Test is skipped,Test fails,Test passes,Test continues,A,Failed assumptions cause the test to be skipped (not failed),JUnit,,
90,How do you check for expected exceptions?,assertThrows(),expectException(),checkException(),verifyThrows(),A,assertThrows() verifies that specific exceptions are thrown,JUnit,,
91,What is test-driven development (TDD)?,Write tests before code,Write code before tests,Write tests and code together,Don't write tests,A,TDD involves writing tests before implementing the actual code,JUnit,,
92,What is a mock object in testing?,Fake object for testing,Real object,Test data,Test method,A,Mock objects are fake implementations used for isolated testing,JUnit,,
93,Which framework is commonly used with JUnit for mocking?,Mockito,TestNG,Selenium,Spring,A,Mockito is the most popular mocking framework used with JUnit,JUnit,,
94,What is code coverage?,Percentage of code tested,Number of tests,Test execution time,Test complexity,A,Code coverage measures what percentage of code is executed by tests,JUnit,,
95,What is a test suite?,Collection of test classes,Single test method,Test configuration,Test result,A,Test suite is a collection of test classes or methods run together,JUnit,,
96,How do you handle test dependencies in JUnit?,"Avoid them, use @BeforeEach",Use @DependsOn,Use @Order,Tests should be dependent,A,Tests should be independent; use setup methods for test preparation,JUnit,,
97,What is the benefit of unit testing?,"Early bug detection, confidence in code",Slower development,More complex code,Larger file sizes,A,Unit testing helps detect bugs early and provides confidence in code changes,JUnit,,
98,What should you test in a unit test?,Single unit of functionality,Entire application,Database connections,User interface,A,Unit tests should focus on testing a single unit of functionality in isolation,JUnit,,
99,What makes a good unit test?,"Fast, independent, repeatable",Slow and dependent,Complex and long,Database dependent,A,"Good unit tests are fast, independent, repeatable, and focused",JUnit,,
100,When should you run unit tests?,Frequently during development,Only before release,Once a month,Never,A,Unit tests should be run frequently during development to catch issues early,JUnit,,
101,"What does assertEquals(Object, Object) compare by default?",Uses equals() method,Uses == operator,Uses compareTo(),Uses toString(),A,"assertEquals(Object, Object) uses the equals() method for comparison",JUnit,,
102,"What happens if objects don't override equals() in assertEquals(Object, Object)?",Uses Object.equals() which compares references,Compilation error,Runtime exception,Always returns true,A,"Without overridden equals(), it uses Object.equals() which compares object references",JUnit,,
103,"Why might assertEquals(Object, Object) fail for identical content?",Objects don't override equals() properly,Wrong assertion method,JUnit bug,Compiler issue,A,Fails when objects have same content but equals() method compares references instead of content,JUnit,,
104,"What should custom classes override for proper assertEquals(Object, Object) usage?",equals() and hashCode(),toString() only,compareTo() only,clone() method,A,Custom classes should override both equals() and hashCode() for proper equality comparison,JUnit,,
105,"When comparing String objects, what does assertEquals(Object, Object) use?",String.equals() method,Reference comparison,Length comparison,Character array comparison,A,"String class overrides equals() to compare content, so assertEquals works correctly",JUnit,,
106,"What is the difference between assertEquals(primitive, primitive) and assertEquals(Object, Object)?","Primitive version compares values, Object version uses equals()",No difference,Object version is faster,Primitive version uses equals(),A,"Primitive version directly compares values, Object version relies on equals() method",JUnit,,
107,"How should you test custom objects with assertEquals(Object, Object)?",Ensure proper equals() implementation,Use assertSame() instead,Convert to strings first,Use toString() comparison,A,Custom objects need proper equals() implementation for meaningful assertEquals comparison,JUnit,,
108,"What debugging approach helps when assertEquals(Object, Object) fails unexpectedly?",Check equals() implementation and object state,Restart IDE,Change to assertSame(),Use different assertion,A,"When assertEquals fails unexpectedly, verify the equals() method implementation and object contents",JUnit,,
109,How do you remove JUnit JAR from classpath in an IDE?,Project settings → Libraries → Remove JUnit JAR,Delete from file system only,Rename the JAR file,Move to different folder,A,"In IDE, go to project settings/properties, find libraries section, and remove JUnit JAR from classpath",JUnit,,
110,What is the first step to uninstall JUnit from a Maven project?,Remove JUnit dependency from pom.xml,Delete target folder,Remove test folder,Restart IDE,A,"For Maven projects, remove the JUnit dependency declaration from pom.xml file",JUnit,,
111,How do you remove JUnit from a Gradle project?,Remove JUnit from build.gradle dependencies,Delete build folder,Remove test source set,Clear Gradle cache,A,"In Gradle projects, remove JUnit from the dependencies block in build.gradle file",JUnit,,
112,"After removing JUnit dependency, what should you do next?",Clean and rebuild project,Restart computer,Delete all test files,Reinstall IDE,A,"After removing dependency, clean and rebuild the project to update classpath",JUnit,,
113,What happens to test files when you remove JUnit?,They remain but won't compile/run,They are automatically deleted,They convert to regular classes,Nothing changes,A,Test files remain in the project but will have compilation errors and cannot be executed,JUnit,,
114,How do you completely remove JUnit from a manual classpath setup?,Remove JAR and update CLASSPATH variable,Delete only the JAR file,Rename the JAR file,Move JAR to system folder,A,Remove the JUnit JAR file and update the CLASSPATH environment variable to exclude it,JUnit,,
115,What is the command to remove JUnit via command line in Maven?,mvn dependency:purge-local-repository,mvn clean,mvn test,mvn install,A,Use Maven dependency plugin to purge JUnit from local repository if needed,JUnit,,
116,What should you check after removing JUnit from IDE?,Project libraries and module dependencies,Only file system,Only test folder,Only main source folder,A,"Verify that JUnit is removed from project libraries, module dependencies, and classpath settings",JUnit,,
117,How many tests ran? (Syntax for checking test count),Tests run: X,Total tests: X,Executed: X,Count: X,A,JUnit typically reports 'Tests run: X' where X is the number of executed tests,JUnit,,
118,"What does 'Tests run: 5, Failures: 1, Errors: 0, Skipped: 0' mean?","5 tests executed, 1 failed assertion, 0 errors, 0 skipped",Total 5 tests in project,5 test classes,5 test methods per class,A,"This shows 5 tests were executed, 1 had a failed assertion, no errors occurred, and none were skipped",JUnit,,
119,"In Maven output, where do you find the test count?",In the test execution summary,In pom.xml,In target folder,In src folder,A,"Maven displays test execution summary showing count of run, failed, error, and skipped tests",JUnit,,
120,What does 'Skipped: 2' indicate in test results?,2 tests were not executed,2 tests failed,2 tests had errors,2 tests passed,A,"Skipped tests are those that were not executed, often due to @Disabled annotation or failed assumptions",JUnit,,
121,How do you get detailed test count in IDE?,View test results panel/window,Check console output only,Look at file explorer,Count test methods manually,A,"IDEs provide test results panel showing detailed breakdown of passed, failed, skipped, and total test counts",JUnit,,
122,What information does JUnit provide about test execution?,"Run count, failures, errors, skipped, time taken",Only pass/fail status,Only total count,Only execution time,A,JUnit provides comprehensive statistics including counts of different test outcomes and execution time,JUnit,,
123,"In command line, how do you see test statistics?",Check the output summary after test execution,Use separate command,Look in log files,Count manually,A,Command line test execution displays summary with test counts at the end of the run,JUnit,,
124,What does 'Errors: 1' mean in test results?,1 test had an unexpected exception,1 test failed assertion,1 test was skipped,1 test passed,A,"Errors indicate unexpected exceptions during test execution, different from assertion failures",JUnit,,
125,What happens when you try to access a private field directly from outside the class?,Compilation error,Runtime error,Returns null,Returns default value,A,"Private fields cannot be accessed directly from outside the class, causing a compilation error",Coding Question,,
126,Which is better encapsulation: public fields or private fields with getters/setters?,Public fields,Private fields with getters/setters,Both are same,Neither is good,B,Private fields with controlled access through getters/setters provide better encapsulation and data protection,Coding Question,,
127,"What will obj.getCount() return if count starts at 0 and increment() adds 1, called twice?",0,1,2,Compilation error,C,"Starting at 0, calling increment() twice results in count = 2",Coding Question,,
128,"If a class has private int balance = 100, how should external classes access it?",Direct access: obj.balance,Through getter method: obj.getBalance(),Through public field,Cannot be accessed,B,Private fields should be accessed through public getter methods following encapsulation principles,Coding Question,,
129,What is the correct way to validate input in a setter method?,Check if value is valid before setting,Set value first then validate,No validation needed,Validation in getter only,A,Setter methods should validate input parameters before updating the field value,Coding Question,,
130,Which of the following is NOT supported by Java classes?,Multiple inheritance from classes,Single inheritance,Method overriding,Method overloading,A,"Java classes support only single inheritance from classes, not multiple inheritance, though interfaces can extend multiple interfaces",OOP Concepts,,
131,What is the main purpose of the Abstract Factory pattern?,Creating families of related objects,Creating a single object,Destroying objects,Copying objects,A,Abstract Factory pattern provides an interface for creating families of related or dependent objects without specifying their concrete classes,Design patterns,,
132,Which of the following design patterns are classified as Behavioral patterns?,"Observer, Strategy, Command","Adapter, Decorator, Facade","Singleton, Factory, Builder","Proxy, Bridge, Composite",A,"Behavioral patterns focus on communication between objects and the assignment of responsibilities. Observer, Strategy, and Command are all behavioral patterns that define how objects interact.",Design patterns,,
133,Which of the following design patterns are classified as Structural patterns?,"Template Method, Visitor, Iterator","Adapter, Decorator, Proxy","Abstract Factory, Prototype, Builder","Chain of Responsibility, Mediator, State",B,"Structural patterns deal with object composition and relationships between entities. Adapter, Decorator, and Proxy are structural patterns that focus on how classes and objects are composed.",Design patterns,,
134,Which of the following design patterns are classified as Creational patterns?,"Memento, Observer, Command","Bridge, Flyweight, Composite","Singleton, Factory Method, Abstract Factory","Strategy, State, Template Method",C,"Creational patterns deal with object creation mechanisms. Singleton, Factory Method, and Abstract Factory are all creational patterns that provide various ways to create objects while hiding the creation logic.",Design patterns,,
135,"In the Builder pattern, what is the main advantage of using a separate Director class?",It encapsulates the construction logic and sequence,It makes the code run faster,It reduces memory usage,It prevents inheritance,A,"The Director class in Builder pattern encapsulates the construction logic, defining the sequence of steps to build the product, making the construction process reusable and maintainable.",Design patterns,,
136,Which scenario is most appropriate for using the Builder pattern?,Creating simple objects with few properties,Creating complex objects with many optional parameters,Creating objects that need to be copied,Creating objects from existing templates,B,"Builder pattern is ideal for creating complex objects with many optional parameters, avoiding telescoping constructor anti-pattern and providing a fluent interface for object construction.",Design patterns,,
137,What is the main purpose of the Prototype design pattern?,To create objects step by step,To create objects by cloning existing instances,To create families of related objects,To create single instances only,B,"Prototype pattern creates objects by cloning existing instances (prototypes) rather than creating new instances from scratch, which is useful when object creation is expensive.",Design patterns,,
138,"In Java, which method is typically used to implement the Prototype pattern?",toString(),clone(),equals(),hashCode(),B,"The clone() method from the Cloneable interface is typically used to implement the Prototype pattern in Java, allowing objects to create copies of themselves.",Design patterns,,
139,What is the main purpose of the Flyweight design pattern?,To reduce memory usage by sharing common data between objects,To create objects step by step,To provide a unified interface to a set of interfaces,To define a family of algorithms,A,"Flyweight pattern reduces memory usage by sharing intrinsic state (common data) among multiple objects, while keeping extrinsic state (unique data) separate. This is especially useful when dealing with large numbers of similar objects.",Design patterns,,
140,"In the Flyweight pattern, what is the difference between intrinsic and extrinsic state?","Intrinsic state is mutable, extrinsic state is immutable","Intrinsic state is shared among flyweights, extrinsic state is unique to each context","Intrinsic state is stored externally, extrinsic state is stored internally",There is no difference between them,B,"In Flyweight pattern, intrinsic state is the shared, immutable data stored within the flyweight object, while extrinsic state is the unique, context-dependent data passed to the flyweight methods from the client.",Design patterns,,
141,What is the main purpose of the Mediator design pattern?,To define loose coupling between interacting objects,To create objects by cloning existing instances,To provide a way to access elements of a collection,To encapsulate algorithms and make them interchangeable,A,"Mediator pattern defines how a set of objects interact with each other by promoting loose coupling. Instead of objects communicating directly, they communicate through a central mediator object, reducing dependencies between communicating objects.",Design patterns,,
142,What is the primary benefit of the Memento design pattern?,It allows objects to communicate without knowing each other,It captures and restores an object's internal state without violating encapsulation,It provides a way to create families of related objects,It defines a one-to-many dependency between objects,B,"Memento pattern captures and externalizes an object's internal state so that the object can be restored to this state later, all without violating encapsulation. This is commonly used for undo operations and checkpointing.",Design patterns,,
143,Which scenario is most appropriate for using the Singleton pattern?,When you need multiple instances with different configurations,When you need exactly one instance of a class throughout the application,When you need to create families of related objects,When you need to copy existing objects,B,"Singleton pattern is most appropriate when you need exactly one instance of a class throughout the application lifecycle, such as database connections, logging services, or configuration managers.",Design patterns,,
144,Which scenario is most appropriate for using the Factory Method pattern?,When you need to restore object states,When a class cannot anticipate the class of objects it must create,When you need to reduce memory usage by sharing objects,When you need to provide a simplified interface,B,"Factory Method pattern is most appropriate when a class cannot anticipate the class of objects it must create, or when you want to delegate object creation to subclasses while maintaining loose coupling.",Design patterns,,
145,Which scenario is most appropriate for using the Prototype pattern?,When object creation is expensive and you have a similar object available,When you need to define loose coupling between objects,When you need step-by-step object construction,When you need a single global access point,A,"Prototype pattern is most appropriate when creating an object is expensive (complex initialization, database calls, network operations) and you have a similar object available that can be cloned and modified.",Design patterns,,
146,Which scenario is most appropriate for using the Abstract Factory pattern?,When you need to create a single complex object,When you need to create families of related or dependent objects,When you need to add new functionality to existing objects,When you need to define algorithms as separate objects,B,"Abstract Factory pattern is most appropriate when you need to create families of related or dependent objects without specifying their concrete classes, such as creating UI components for different operating systems.",Design patterns,,
147,Which scenario is most appropriate for using the Adapter pattern?,When you need to capture and restore object states,When you want to use an existing class with an incompatible interface,When you need to create objects by cloning,When you need to define one-to-many dependencies,B,"Adapter pattern is most appropriate when you want to use an existing class with an incompatible interface, allowing classes to work together that couldn't otherwise because of incompatible interfaces.",Design patterns,,
148,Which scenario is most appropriate for using the Decorator pattern?,When you need to add responsibilities to objects dynamically without altering their structure,When you need to ensure only one instance exists,When you need to provide a way to access elements sequentially,When you need to encapsulate a group of individual factories,A,"Decorator pattern is most appropriate when you need to add responsibilities to objects dynamically without altering their structure, such as adding features to a text editor or applying filters to images.",Design patterns,,
149,Which scenario is most appropriate for using the Proxy pattern?,When you need to provide a placeholder or surrogate to control access to another object,When you need to compose objects into tree structures,When you need to separate abstraction from implementation,When you need to convert interfaces between classes,A,"Proxy pattern is most appropriate when you need to provide a placeholder or surrogate to control access to another object, such as lazy loading, access control, caching, or logging.",Design patterns,,
150,Which scenario is most appropriate for using the Flyweight pattern?,When you need to support large numbers of fine-grained objects efficiently,When you need to define a family of algorithms,When you need to provide undo functionality,When you need to traverse a collection sequentially,A,"Flyweight pattern is most appropriate when you need to support large numbers of fine-grained objects efficiently by sharing intrinsic state, such as characters in a text editor or particles in a game.",Design patterns,,
151,Which scenario is most appropriate for using the Observer pattern?,When you need to notify multiple objects about state changes in another object,When you need to provide a simplified interface to a complex subsystem,When you need to create objects step by step,When you need to avoid tight coupling between sender and receiver,A,"Observer pattern is most appropriate when you need to notify multiple objects about state changes in another object, such as updating multiple views when model data changes in MVC architecture.",Design patterns,,
152,Which scenario is most appropriate for using the Strategy pattern?,When you need to define a family of algorithms and make them interchangeable,When you need to restore previous states of an object,When you need to provide a way to access elements of a collection,When you need to create families of related objects,A,"Strategy pattern is most appropriate when you need to define a family of algorithms, encapsulate each one, and make them interchangeable, such as different sorting algorithms or payment processing methods.",Design patterns,,
153,Which scenario is most appropriate for using the Command pattern?,When you need to parameterize objects with operations and support undo functionality,When you need to ensure thread safety for object creation,When you need to provide a unified interface to different subsystems,When you need to share common data between multiple objects,A,"Command pattern is most appropriate when you need to parameterize objects with operations, queue operations, log requests, and support undo functionality, such as implementing menu actions or macro recording.",Design patterns,,
154,Which scenario is most appropriate for using the Mediator pattern?,When you need to reduce coupling between interacting objects by centralizing communication,When you need to add behavior to objects without changing their structure,When you need to create objects efficiently by sharing state,When you need to provide controlled access to another object,A,"Mediator pattern is most appropriate when you need to reduce coupling between interacting objects by centralizing their communication through a mediator, such as coordinating interactions in a dialog box or chat room.",Design patterns,,
155,Which scenario is most appropriate for using the Memento pattern?,When you need to capture and restore an object's state for undo operations,When you need to provide a simplified interface to a complex system,When you need to notify multiple objects about changes,When you need to define algorithms as interchangeable objects,A,"Memento pattern is most appropriate when you need to capture and restore an object's state for undo operations without violating encapsulation, such as implementing undo/redo functionality in text editors or games.",Design patterns,,
156,Which scenario is most appropriate for using the Bridge pattern?,When you want to separate an abstraction from its implementation so both can vary independently,When you need to compose objects into tree structures,When you need to provide a unified interface to a set of interfaces,When you need to add responsibilities to objects dynamically,A,"Bridge pattern is most appropriate when you want to separate an abstraction from its implementation so that both can vary independently, such as supporting multiple database drivers or UI frameworks.",Design patterns,,
157,Which scenario is most appropriate for using the Composite pattern?,When you need to provide controlled access to another object,When you want to compose objects into tree structures to represent part-whole hierarchies,When you need to capture and restore object states,When you need to define loose coupling between objects,B,"Composite pattern is most appropriate when you want to compose objects into tree structures to represent part-whole hierarchies, such as file systems, UI component hierarchies, or organizational structures.",Design patterns,,
158,Which scenario is most appropriate for using the Facade pattern?,When you need to provide a simplified interface to a complex subsystem,When you need to create families of related objects,When you need to support large numbers of objects efficiently,When you need to separate abstraction from implementation,A,"Facade pattern is most appropriate when you need to provide a simplified interface to a complex subsystem, such as wrapping complex APIs, database operations, or third-party libraries with easier-to-use methods.",Design patterns,,
159,Which scenario is most appropriate for using the Chain of Responsibility pattern?,When you want to pass requests along a chain of handlers until one handles it,When you need to define algorithms as interchangeable objects,When you need to provide a way to access elements sequentially,When you need to compose objects into tree structures,A,"Chain of Responsibility pattern is most appropriate when you want to pass requests along a chain of handlers until one handles it, such as event handling systems, approval workflows, or logging frameworks with different log levels.",Design patterns,,
160,Which scenario is most appropriate for using the Iterator pattern?,When you need to provide a way to access elements of a collection sequentially without exposing its underlying representation,When you need to restore previous states of an object,When you need to reduce coupling between interacting objects,When you need to define a family of algorithms,A,"Iterator pattern is most appropriate when you need to provide a way to access elements of a collection sequentially without exposing its underlying representation, such as traversing lists, trees, or custom data structures.",Design patterns,,
161,Which scenario is most appropriate for using the State pattern?,When you want an object to alter its behavior when its internal state changes,When you need to notify multiple objects about changes,When you need to provide a simplified interface to a complex system,When you need to create objects by cloning existing instances,A,"State pattern is most appropriate when you want an object to alter its behavior when its internal state changes, such as state machines, game character behaviors, or workflow management systems.",Design patterns,,
162,Which scenario is most appropriate for using the Template Method pattern?,When you want to define the skeleton of an algorithm and let subclasses override specific steps,When you need to parameterize objects with operations,When you need to provide controlled access to another object,When you need to compose objects into tree structures,A,"Template Method pattern is most appropriate when you want to define the skeleton of an algorithm in a base class and let subclasses override specific steps, such as data processing pipelines, sorting algorithms, or framework hooks.",Design patterns,,
163,Which scenario is most appropriate for using the Visitor pattern?,When you want to define new operations on objects without changing their classes,When you need to ensure only one instance of a class exists,When you need to capture and restore object states,When you need to reduce memory usage by sharing objects,A,"Visitor pattern is most appropriate when you want to define new operations on objects without changing their classes, such as adding new operations to AST nodes, file system traversal, or compiler optimizations.",Design patterns,,
164,What is the main principle of Inversion of Control (IoC) in software development?,The control of object creation and dependency management is transferred from the application code to an external framework or container,Objects create their own dependencies directly within their constructors,All objects must be created using the new keyword,Dependencies are hardcoded within each class,A,"Inversion of Control (IoC) is a design principle where the control of object creation and dependency management is inverted - instead of objects creating their own dependencies, an external framework or container manages and injects these dependencies, promoting loose coupling and better testability.",Design patterns,,
165,Which of the following is the best example of aggregation in real-world modeling?,A Car has an Engine (engine cannot exist without the car),A Department has Employees (employees can exist without the department),A House has Rooms (rooms cannot exist without the house),A Book has Pages (pages cannot exist without the book),B,Aggregation represents a 'has-a' relationship where child objects can exist independently of the parent. A Department-Employee relationship is aggregation because employees can exist and work in other departments even if the current department is dissolved.,OOP Concepts,,
166,"In Java code, which example best demonstrates aggregation?",class Car { private Engine engine = new Engine(); },class Library { private List<Book> books; } // Books can be borrowed and returned,class Circle { private int radius; },class Person { private String name; },B,"In aggregation, the child objects (Books) can exist independently and can be shared among multiple parents (Libraries). Books can be moved between libraries, demonstrating the loose coupling characteristic of aggregation.",OOP Concepts,,
167,Which of the following is the best example of composition in real-world modeling?,A University has Students (students can transfer to other universities),A Team has Players (players can join other teams),"A House has Rooms (if house is destroyed, rooms cease to exist)",A Library has Books (books can be moved to other libraries),C,Composition represents a strong 'has-a' relationship where child objects cannot exist without the parent. A House-Room relationship is composition because rooms are integral parts of the house and cannot exist independently if the house is destroyed.,OOP Concepts,,
168,"In Java code, which example best demonstrates composition?",class Company { private List<Employee> employees; },class Car { private Engine engine; public Car() { this.engine = new Engine(); } },class School { private List<Student> students; },class Team { private List<Player> players; },B,"In composition, the child object (Engine) is created within the parent (Car) and cannot exist without it. When the Car object is destroyed, the Engine is also destroyed, demonstrating the strong ownership characteristic of composition.",OOP Concepts,,
169,Which of the following is the best example of generalization (inheritance) in real-world modeling?,A Car has an Engine,A Library has Books,A Dog is an Animal (Dog inherits characteristics from Animal),A House has Rooms,C,Generalization represents an 'is-a' relationship where a specific class (Dog) inherits properties and behaviors from a more general class (Animal). This demonstrates inheritance where Dog is a specialized type of Animal.,OOP Concepts,,
170,"In Java code, which example best demonstrates generalization (inheritance)?",class Car { private Engine engine; },class Manager extends Employee { private int teamSize; },class Library { private List<Book> books; },class House { private List<Room> rooms; },B,"Generalization is implemented through inheritance using the 'extends' keyword. Manager inherits all properties and methods from Employee and adds its own specific attributes, demonstrating the 'is-a' relationship where Manager is a specialized type of Employee.",OOP Concepts,,
171,What is the primary purpose of the MVC (Model-View-Controller) design pattern?,To separate application logic into three interconnected components for better organization and maintainability,To create objects by cloning existing instances,To provide a way to access elements of a collection sequentially,To reduce memory usage by sharing objects,A,"MVC pattern separates an application into three main components: Model (data and business logic), View (user interface), and Controller (handles user input and coordinates between Model and View), promoting separation of concerns and maintainability.",Design patterns,,
172,"In the MVC pattern, which component is responsible for handling user input and coordinating between the Model and View?",Model - manages data and business rules,View - displays information to the user,Controller - processes user input and coordinates Model-View interaction,Service - handles business logic processing,C,"The Controller component in MVC pattern is responsible for handling user input (such as button clicks, form submissions), processing that input, updating the Model as needed, and determining which View should be displayed to the user.",Design patterns,,
173,What is a lambda expression in Java and what are its main characteristics?,"A lambda expression is a concise way to represent anonymous functions with automatic type inference, lexical scoping, and functional interface implementation",A lambda expression is a class that implements multiple interfaces simultaneously,A lambda expression is a method that can only be called once and then destroyed,A lambda expression is a special type of loop for iterating collections,A,"Lambda expressions are anonymous functions that provide a concise way to represent instances of functional interfaces. They feature automatic type inference, lexical scoping (access to effectively final variables), and enable functional programming paradigms in Java. Introduced in Java 8, they eliminate boilerplate code of anonymous inner classes.",Lambda Expression,,
174,Which of the following is a valid lambda expression syntax in Java?,"(int x, int y) -> { return x + y; }","lambda(x, y) -> x + y","function(x, y) => x + y","def(x, y) -> return x + y",A,"The correct lambda syntax is (parameters) -> expression or (parameters) -> { statements; }. Option A shows proper syntax with explicit parameter types, arrow operator (->), and block body with return statement. The other options use incorrect keywords or syntax from other programming languages.",Lambda Expression,,
175,True or False: Lambda expressions can access and modify local variables from the enclosing scope.,TRUE,FALSE,,,B,False. Lambda expressions can only access local variables from the enclosing scope if they are effectively final (never modified after initialization). They cannot modify local variables from the enclosing scope due to variable capture restrictions. This ensures thread safety and prevents confusion about variable state.,Lambda Expression,,
176,Which statement about method references in Java is most accurate?,Method references are a more concise way to write lambda expressions when the lambda only calls an existing method,Method references can only reference static methods,Method references create new method implementations at runtime,Method references are slower than lambda expressions,A,"Method references (::) provide a shorthand notation for lambda expressions that only call an existing method. For example, String::toUpperCase is equivalent to s -> s.toUpperCase(). They can reference static methods, instance methods, and constructors, making code more readable and concise.",Lambda Expression,,
177,How do lambda expressions relate to anonymous inner classes in terms of functionality and performance?,Lambda expressions provide the same functionality as anonymous inner classes for functional interfaces but with better performance and more concise syntax,Lambda expressions are completely different from anonymous inner classes and cannot replace them,Lambda expressions are always slower than anonymous inner classes,Lambda expressions can implement multiple interfaces while anonymous inner classes cannot,A,"Lambda expressions are essentially a more efficient and concise way to implement functional interfaces compared to anonymous inner classes. The JVM optimizes lambdas using invokedynamic, avoiding the creation of separate .class files and reducing memory overhead. However, anonymous inner classes are still needed for interfaces with multiple abstract methods.",Lambda Expression,,
178,How does the JVM handle lambda expressions internally compared to anonymous inner classes?,"The JVM uses invokedynamic instruction and method handles to optimize lambda expressions, avoiding separate class file generation",The JVM creates separate .class files for each lambda expression like anonymous inner classes,The JVM converts all lambda expressions to reflection calls,The JVM treats lambda expressions exactly the same as anonymous inner classes,A,"The JVM uses invokedynamic instruction (introduced in Java 7) and method handles to implement lambda expressions efficiently. Unlike anonymous inner classes which generate separate .class files, lambdas are optimized at runtime using LambdaMetafactory, resulting in better performance and reduced memory footprint.",Lambda Expression,,
179,What is the key difference between inner classes and lambda expressions in terms of scope and 'this' reference?,"In lambda expressions, 'this' refers to the enclosing class instance; in inner classes, 'this' refers to the inner class instance","In lambda expressions, 'this' refers to the lambda instance; in inner classes, 'this' refers to the enclosing class",Both lambda expressions and inner classes handle 'this' reference identically,Lambda expressions cannot access 'this' reference at all,A,"This is a crucial difference: in lambda expressions, 'this' refers to the enclosing class instance (lexical scoping), while in inner classes, 'this' refers to the inner class instance itself. This means lambdas don't create a new scope for 'this', making them more intuitive when accessing enclosing class members.",Lambda Expression,,
180,Which of the following are key features introduced in Java 8?,"Lambda expressions, Stream API, Optional class, and default methods in interfaces",Only lambda expressions and streams,Only default methods and Optional,Only functional interfaces and method references,A,"Java 8 introduced several major features: Lambda expressions for functional programming, Stream API for processing collections, Optional class to handle null values safely, default and static methods in interfaces, new Date/Time API, method references, and functional interfaces. These features revolutionized Java programming by enabling functional programming paradigms.",Java 8 Features,,
181,What is the purpose of the Optional class in Java 8?,"To provide a container that may or may not contain a non-null value, helping to avoid NullPointerException",To store multiple values in a single object,To create immutable objects automatically,To handle exceptions in a functional way,A,"Optional<T> is a container class introduced in Java 8 to represent values that might be absent. It provides methods like isPresent(), orElse(), orElseThrow(), and map() to handle potentially null values in a more functional and safe way, reducing NullPointerException occurrences.",Java 8 Features,,
182,What are default methods in interfaces and why were they introduced in Java 8?,"Default methods allow interfaces to have method implementations, enabling interface evolution without breaking existing implementations",Default methods are abstract methods that must be implemented by all classes,Default methods are static methods that can only be called on the interface,Default methods are private methods used internally by the interface,A,Default methods (using 'default' keyword) allow interfaces to provide method implementations. They were introduced to enable interface evolution - adding new methods to existing interfaces without breaking backward compatibility with existing implementing classes. This was crucial for adding new methods to Collection interfaces for Stream API.,Java 8 Features,,
183,Which statement about the Stream API in Java 8 is most accurate?,"Streams provide a functional approach to process collections with operations like filter, map, and reduce, supporting both sequential and parallel processing",Streams are only used for file I/O operations,Streams automatically make all operations parallel,"Streams can only process arrays, not collections",A,"Stream API provides a functional approach to process data. Streams support intermediate operations (filter, map, sorted) that are lazy and terminal operations (collect, forEach, reduce) that trigger processing. They can process any data source and support both sequential and parallel execution for performance optimization.",Java 8 Features,,
184,"What is the difference between Predicate, Function, and Consumer functional interfaces in Java 8?","Predicate tests a condition (returns boolean), Function transforms input to output, Consumer performs an action without returning a value",They are all identical and interchangeable,"Predicate and Function are the same, Consumer is different",All three return the same type of result,A,"Predicate<T> represents a boolean-valued function (test method returns boolean), Function<T,R> represents a function that transforms input T to output R (apply method), and Consumer<T> represents an operation that accepts input but returns no result (accept method). These are core functional interfaces used extensively with lambda expressions and Stream API.",Java 8 Features,,
185,What new Date and Time API features were introduced in Java 8?,"LocalDate, LocalTime, LocalDateTime, ZonedDateTime classes with immutable and thread-safe design",Only SimpleDateFormat improvements,Only Calendar class enhancements,Just timezone handling improvements,A,"Java 8 introduced a completely new Date/Time API (java.time package) with immutable and thread-safe classes: LocalDate (date without time), LocalTime (time without date), LocalDateTime (date and time), ZonedDateTime (date-time with timezone), Period, Duration, and DateTimeFormatter. This replaced the problematic old Date and Calendar classes.",Java 8 Features,,
186,"Which Java 9 feature allows creating lightweight, read-only collections easily?","Collection factory methods like List.of(), Set.of(), and Map.of()",Stream collectors only,New collection interfaces,Enhanced for-each loops,A,"Java 9 introduced convenient factory methods for creating immutable collections: List.of(1, 2, 3), Set.of('a', 'b', 'c'), and Map.of('key1', 'value1', 'key2', 'value2'). These methods create compact, immutable collections that are more memory-efficient than traditional collections and throw UnsupportedOperationException on modification attempts.",Java 9 Features,,
187,What is the Java Platform Module System (JPMS) introduced in Java 9?,A module system that allows creating modular applications with explicit dependencies and encapsulation at the module level,A new package naming convention,A replacement for JAR files,A new class loading mechanism only,A,"JPMS (Project Jigsaw) introduced modules to Java, allowing developers to create modular applications. Modules are defined using module-info.java files that specify dependencies (requires), exported packages (exports), and services. This provides better encapsulation, reliable configuration, and enables creating smaller runtime images with jlink.",Java 9 Features,,
188,What is the purpose of the takeWhile() and dropWhile() methods introduced in Java 9 Stream API?,"takeWhile() takes elements while a condition is true, dropWhile() drops elements while a condition is true, both work on ordered streams",takeWhile() and dropWhile() are identical methods with different names,They only work with parallel streams,They are used for exception handling in streams,A,"takeWhile() returns elements from the beginning of the stream while the predicate is true, stopping at the first false. dropWhile() discards elements from the beginning while the predicate is true, then returns the remaining elements. Both are particularly useful with ordered streams and infinite streams: stream.takeWhile(x -> x < 5).",Java 9 Features,,
189,What new features were introduced for the Optional class in Java 9?,"stream(), ifPresentOrElse(), and or() methods for better functional programming support",Only ifPresent() method improvements,New constructors for Optional,Methods to convert Optional to Collections,A,"Java 9 enhanced Optional with: stream() method that returns a Stream with zero or one elements, ifPresentOrElse(Consumer, Runnable) for handling both present and absent cases, and or(Supplier<Optional<T>>) for providing alternative Optional values. These additions make Optional more powerful for functional programming patterns.",Java 9 Features,,
190,What is JShell and what problem does it solve in Java development?,JShell is Java's REPL (Read-Eval-Print Loop) tool that allows interactive Java code execution without creating full programs,JShell is a new IDE for Java development,JShell is a testing framework for Java applications,JShell is a deployment tool for Java applications,A,"JShell is Java's interactive REPL tool introduced in Java 9. It allows developers to execute Java code snippets, test APIs, prototype solutions, and learn Java interactively without the overhead of creating complete programs with main methods and compilation. It's excellent for experimentation and educational purposes.",Java 9 Features,,
191,Which improvements were made to the Process API in Java 9?,"Enhanced process management with ProcessHandle interface, process information access, and better process tree navigation",Only new process creation methods,Only process termination improvements,Just performance optimizations,A,"Java 9 significantly improved the Process API with ProcessHandle interface for accessing process information (PID, command, arguments, start time), ProcessHandle.Info for detailed process data, onExit() method returning CompletableFuture<ProcessHandle>, and better process tree navigation with children() and descendants() methods.",Java 9 Features,,
192,Which Java 9 feature provides a way to create HTTP clients that support HTTP/2 and WebSocket protocols?,HttpClient,HttpURLConnection,HttpClientBuilder,Http2Client,A,"Java 9 introduced the HttpClient API (java.net.http.HttpClient) that supports HTTP/2 and WebSocket protocols. It provides a modern, fluent API for making HTTP requests and handling responses, with support for reactive programming through the new Flow API. This client is intended to eventually replace the legacy HttpURLConnection.",Java 9 Features,,
193,What is the purpose of the Flow API introduced in Java 9?,To provide a standard for reactive streams in Java,To replace the Collection framework,To provide a new way to handle concurrency,To replace the Stream API,A,"The Flow API (java.util.concurrent.Flow) introduced in Java 9 provides a standard for reactive streams in Java. It includes interfaces for publishers, subscribers, and processors to support asynchronous stream processing with non-blocking back pressure. This API enables building reactive applications that can efficiently handle dynamic data streams.",Java 9 Features,,
194,What is the significance of the Multi-Release JAR feature introduced in Java 9?,"It allows a single JAR file to contain classes for multiple Java versions, simplifying distribution and deployment",It enables JAR files to be split into multiple parts for better organization,It allows JAR files to contain native code for different platforms,It is used to compress JAR files more efficiently,A,"Multi-Release JAR feature allows a JAR file to contain different versions of class files for different Java versions. This is specified in the JAR's META-INF/MANIFEST.MF file with Multi-Release: true, and version-specific classes are placed in META-INF/versions/N/ directories. It enables backward compatibility and smoother upgrades to new Java versions.",Java 9 Features,,
195,What enhancements were made to the Stack-Walking API in Java 9?,It allows efficient and flexible traversal of stack frames with filtering and lazy evaluation,It replaces the need for try-catch blocks,It provides a way to capture and restore stack traces,It is used for analyzing memory usage,A,"The Stack-Walking API (java.lang.StackWalker) introduced in Java 9 provides a way to traverse stack frames with more efficiency and flexibility. It allows filtering of stack frames, lazy evaluation, and access to class and method names without the need to create full stack trace elements, improving performance in stack trace analysis.",Java 9 Features,,
196,What is the Compact Strings feature in Java 9?,It optimizes memory usage for Strings by using byte arrays instead of char arrays for strings that contain only Latin-1 characters,It compresses all String data to save space,It is a new way to intern Strings,It changes the visibility of String fields,A,Compact Strings is an optimization in Java 9 that changes the internal representation of String objects to use byte arrays instead of char arrays when the string contains only Latin-1 characters. This can reduce the memory footprint of String objects by up to 50% for applications that use a lot of Latin-1 encoded text.,Java 9 Features,,
197,Which Garbage Collection improvement was introduced in Java 9?,A completely new garbage collector,G1 became the default garbage collector and CMS was deprecated,Only performance improvements to existing collectors,Removal of all old garbage collectors,B,"Java 9 made G1 (Garbage First) the default garbage collector for server-class machines, replacing Parallel GC. It also deprecated the Concurrent Mark Sweep (CMS) collector. G1 provides better predictable pause times and improved performance for large heap sizes, making it suitable for modern applications with large memory requirements.",Java 9 Features,,
198,What is the improved try-with-resources statement in Java 9?,It allows using any variable as a resource without needing to declare it in the try statement,It requires all resources to implement AutoCloseable,It can only close one resource at a time,It is the same as in Java 8,A,The try-with-resources statement in Java 9 allows variables that are effectively final to be used as resources without redeclaring them in the try statement. This simplifies the code when the resource is already defined and initialized before the try block.,Java 9 Features,,
199,What new features were added to Javadoc in Java 9?,Only HTML5 support,Search functionality within generated documentation and HTML5 support,Just new styling options,Only modular documentation,B,"Java 9 enhanced Javadoc with search functionality allowing users to search for classes, methods, and fields within the generated documentation. It also added HTML5 support, improved styling, and better support for modular applications, making documentation more interactive and user-friendly.",Java 9 Features,,
200,What new private methods in interfaces introduced in Java 9?,Private methods can be overridden by implementing classes,Private methods allow sharing common code between default and static methods within the same interface,Private methods replace default methods,Private methods can be called from outside the interface,B,Java 9 introduced private methods in interfaces to share common code between default and static methods within the same interface. This promotes code reuse and better organization without exposing implementation details to implementing classes. Private methods cannot be overridden or accessed from outside the interface.,Java 9 Features,,
201,What is the HTTP/2 Client (Incubator) introduced in Java 9?,A replacement for URLConnection with HTTP/2 support,A web server implementation,A browser engine,A REST framework,A,"Java 9 introduced an incubator HTTP/2 Client API (jdk.incubator.httpclient module) providing modern HTTP client functionality with HTTP/2 support, WebSocket support, and reactive streams. It was incubating in Java 9, evolved in Java 10, and became standard in Java 11 as java.net.http.",Java 9 Features,,
202,What are Reactive Streams in Java 9?,A new collection framework,A specification for asynchronous stream processing with non-blocking back pressure,A replacement for Java Streams,A concurrent programming model,B,"Java 9 introduced Reactive Streams API (java.util.concurrent.Flow) providing interfaces for asynchronous stream processing with non-blocking back pressure: Flow.Publisher, Flow.Subscriber, Flow.Subscription, and Flow.Processor. This enables building reactive applications that can handle data streams efficiently without blocking.",Java 9 Features,,
203,What are Multi-Release JARs in Java 9?,JARs that can contain code for multiple programming languages,JARs that can contain version-specific class files for different Java versions,JARs that can be split across multiple files,JARs that support multiple compression formats,B,"Multi-Release JARs allow a single JAR file to contain different versions of class files for different Java versions. The META-INF/MANIFEST.MF contains Multi-Release: true, and version-specific classes are stored in META-INF/versions/N/ directories, enabling backward compatibility while using newer Java features.",Java 9 Features,,
204,What is the Stack-Walking API introduced in Java 9?,A debugging tool for analyzing stack traces,An efficient API for traversing stack frames using StackWalker class,A profiling tool for performance analysis,A method for stack memory management,B,"Java 9 introduced the Stack-Walking API with the StackWalker class providing efficient and flexible stack frame traversal. It allows filtering stack frames, lazy evaluation, and better performance compared to Thread.getStackTrace(). It supports different options like RETAIN_CLASS_REFERENCE and SHOW_HIDDEN_FRAMES.",Java 9 Features,,
205,What is Compact Strings optimization in Java 9?,A new String compression algorithm,An internal optimization where String uses byte[] instead of char[] when possible to save memory,A way to remove spaces from strings,A method for string interning,B,"Java 9 introduced Compact Strings optimization where String class internally uses byte[] array instead of char[] when the string contains only Latin-1 characters (each character fits in one byte). This can reduce memory usage by up to 50% for applications with primarily Latin-1 strings, while maintaining full compatibility.",Java 9 Features,,
206,Which Garbage Collection improvement was introduced in Java 9?,A completely new garbage collector,G1 became the default garbage collector and CMS was deprecated,Only performance improvements to existing collectors,Removal of all old garbage collectors,B,"Java 9 made G1 (Garbage First) the default garbage collector for server-class machines, replacing Parallel GC. It also deprecated the Concurrent Mark Sweep (CMS) collector. G1 provides better predictable pause times and improved performance for large heap sizes, making it suitable for modern applications with large memory requirements.",Java 9 Features,,
207,What enhancement did Java 9 bring to Javadoc generation?,Only HTML5 support,Search functionality within generated documentation and HTML5 support,Just new styling options,Only modular documentation,B,"Java 9 enhanced Javadoc with search functionality allowing users to search for classes, methods, and fields within the generated documentation. It also added HTML5 support, improved styling, and better support for modular applications, making documentation more interactive and user-friendly.",Java 9 Features,,
208,What new capability do private methods in interfaces provide in Java 9?,Private methods can be overridden by implementing classes,Private methods allow sharing common code between default and static methods within the same interface,Private methods replace default methods,Private methods can be called from outside the interface,B,Java 9 introduced private methods in interfaces to share common code between default and static methods within the same interface. This promotes code reuse and better organization without exposing implementation details to implementing classes. Private methods cannot be overridden or accessed from outside the interface.,Java 9 Features,,
209,How did Java 9 enhance the try-with-resources statement?,It allows using any variable in try-with-resources,It enables effectively final variables declared before the try statement to be used directly,It removes the need for AutoCloseable interface,It allows multiple catch blocks for resources,B,Java 9 enhanced try-with-resources by allowing effectively final variables declared before the try statement to be used directly without re-declaration. Before Java 9: try (MyResource res = myResource) { }. Java 9: try (myResource) { } where myResource is effectively final.,Java 9 Features,,
210,What is the HTTP/2 Client (Incubator) introduced in Java 9?,A replacement for URLConnection with HTTP/2 support,A web server implementation,A browser engine,A REST framework,A,"Java 9 introduced an incubator HTTP/2 Client API (jdk.incubator.httpclient module) providing modern HTTP client functionality with HTTP/2 support, WebSocket support, and reactive streams. It was incubating in Java 9, evolved in Java 10, and became standard in Java 11 as java.net.http.",Java 9 Features,,
211,What are Reactive Streams in Java 9?,A new collection framework,A specification for asynchronous stream processing with non-blocking back pressure,A replacement for Java Streams,A concurrent programming model,B,"Java 9 introduced Reactive Streams API (java.util.concurrent.Flow) providing interfaces for asynchronous stream processing with non-blocking back pressure: Flow.Publisher, Flow.Subscriber, Flow.Subscription, and Flow.Processor. This enables building reactive applications that can handle data streams efficiently without blocking.",Java 9 Features,,
212,What are Multi-Release JARs in Java 9?,JARs that can contain code for multiple programming languages,JARs that can contain version-specific class files for different Java versions,JARs that can be split across multiple files,JARs that support multiple compression formats,B,"Multi-Release JARs allow a single JAR file to contain different versions of class files for different Java versions. The META-INF/MANIFEST.MF contains Multi-Release: true, and version-specific classes are stored in META-INF/versions/N/ directories, enabling backward compatibility while using newer Java features.",Java 9 Features,,
213,What is the Stack-Walking API introduced in Java 9?,A debugging tool for analyzing stack traces,An efficient API for traversing stack frames using StackWalker class,A profiling tool for performance analysis,A method for stack memory management,B,"Java 9 introduced the Stack-Walking API with the StackWalker class providing efficient and flexible stack frame traversal. It allows filtering stack frames, lazy evaluation, and better performance compared to Thread.getStackTrace(). It supports different options like RETAIN_CLASS_REFERENCE and SHOW_HIDDEN_FRAMES.",Java 9 Features,,
214,What is Compact Strings optimization in Java 9?,A new String compression algorithm,An internal optimization where String uses byte[] instead of char[] when possible to save memory,A way to remove spaces from strings,A method for string interning,B,"Java 9 introduced Compact Strings optimization where String class internally uses byte[] array instead of char[] when the string contains only Latin-1 characters (each character fits in one byte). This can reduce memory usage by up to 50% for applications with primarily Latin-1 strings, while maintaining full compatibility.",Java 9 Features,,
215,Which Garbage Collection improvement was introduced in Java 9?,A completely new garbage collector,G1 became the default garbage collector and CMS was deprecated,Only performance improvements to existing collectors,Removal of all old garbage collectors,B,"Java 9 made G1 (Garbage First) the default garbage collector for server-class machines, replacing Parallel GC. It also deprecated the Concurrent Mark Sweep (CMS) collector. G1 provides better predictable pause times and improved performance for large heap sizes, making it suitable for modern applications with large memory requirements.",Java 9 Features,,
216,What is the difference between wait() and sleep() methods in Java?,"wait() releases the lock and must be called in synchronized context, sleep() does not release the lock","sleep() releases the lock, wait() does not",Both release locks,Neither releases locks,A,"wait() releases the object's monitor lock and must be called within synchronized context, while sleep() does not release any locks and can be called anywhere. wait() is used for inter-thread communication, sleep() for pausing execution.",Concurrency,,
217,Which method must be called from within a synchronized context?,sleep(),wait(),run(),start(),B,"The wait() method must be called from within a synchronized context (synchronized method or block). Calling wait() outside synchronized context throws IllegalMonitorStateException. This is because wait() releases the monitor lock, which the thread must own first.",Concurrency,,
218,What is deadlock in Java concurrency?,"A situation where two or more threads are blocked forever, each waiting for the other to release a resource",A method to stop all threads,A way to speed up thread execution,A type of thread pool,A,"Deadlock occurs when two or more threads are blocked indefinitely, each waiting for the other to release a resource. For example, Thread A holds Resource 1 and waits for Resource 2, while Thread B holds Resource 2 and waits for Resource 1. This creates a circular dependency that prevents progress.",Concurrency,,
219,What is the purpose of the volatile keyword in Java?,To make variables faster,To ensure visibility of changes to variables across threads,To create new threads,To synchronize methods,B,"The volatile keyword ensures that changes to a variable are visible to all threads immediately. It prevents thread-local caching of the variable and provides a happens-before relationship. However, volatile alone doesn't provide atomicity for compound operations like increment.",Concurrency,,
220,What is the difference between ExecutorService and ThreadPoolExecutor?,"ExecutorService is an interface, ThreadPoolExecutor is a concrete implementation",They are the same thing,"ExecutorService is a class, ThreadPoolExecutor is an interface",ExecutorService is deprecated,A,"ExecutorService is an interface that provides methods for managing and controlling thread execution. ThreadPoolExecutor is a concrete implementation of ExecutorService that provides a flexible thread pool with configurable core size, maximum size, keep-alive time, and work queue.",Concurrency,,
221,What is the purpose of the join() method in Thread class?,To combine two threads into one,To wait for a thread to complete before continuing,To start a thread,To stop a thread,B,"The join() method allows one thread to wait for another thread to complete its execution. When thread A calls threadB.join(), thread A will block until thread B finishes. This is useful for ensuring that dependent operations complete in the correct order.",Concurrency,,
222,What happens when a thread calls wait() method?,The thread continues execution,The thread releases the lock and goes into waiting state until notified,The thread terminates,The thread sleeps for a specified time,B,"When a thread calls wait(), it releases the object's monitor lock and enters the waiting state. The thread remains in this state until another thread calls notify() or notifyAll() on the same object, or until the optional timeout expires. The thread must reacquire the lock before continuing execution.",Concurrency,,
223,What is the difference between notify() and notifyAll() methods?,"notify() wakes up one waiting thread, notifyAll() wakes up all waiting threads",They are identical methods,"notify() wakes up all threads, notifyAll() wakes up one thread",Both methods stop threads,A,"notify() wakes up only one arbitrary thread that is waiting on the object's monitor, while notifyAll() wakes up all threads waiting on the object's monitor. Using notifyAll() is generally safer as it avoids the risk of missing notifications, but notify() can be more efficient when you know only one thread should proceed.",Concurrency,,
224,What is the main difference between String and StringBuffer?,"String is mutable, StringBuffer is immutable","String is immutable, StringBuffer is mutable",Both are mutable,Both are immutable,B,"String objects are immutable (cannot be changed after creation), while StringBuffer objects are mutable (can be modified after creation). This makes StringBuffer more efficient for multiple string modifications.",Java basics,,
225,Which method is used to append text to a StringBuffer?,add(),append(),concat(),insert(),B,"The append() method is used to add text to the end of a StringBuffer. It returns the same StringBuffer object, allowing method chaining like sb.append('Hello').append(' World').",Java basics,,
226,What is the difference between StringBuffer and StringBuilder?,"StringBuffer is synchronized, StringBuilder is not","StringBuilder is synchronized, StringBuffer is not",Both are synchronized,Neither is synchronized,A,"StringBuffer methods are synchronized (thread-safe), making it slower but safe for multi-threaded environments. StringBuilder is not synchronized, making it faster but not thread-safe.",Java basics,,
227,Which method returns the current capacity of a StringBuffer?,size(),length(),capacity(),maxSize(),C,"The capacity() method returns the current capacity (allocated space) of the StringBuffer, while length() returns the number of characters currently stored. Capacity is usually larger than length to allow for growth.",Java basics,,
228,What happens when a StringBuffer exceeds its capacity?,Throws an exception,Automatically increases capacity,Data is truncated,Nothing happens,B,"When a StringBuffer exceeds its current capacity, it automatically increases the capacity (usually doubles it plus 2) to accommodate the new data. This process is called automatic expansion.",Java basics,,
229,Which method is used to remove characters from a StringBuffer?,remove(),delete(),clear(),erase(),B,"The delete(int start, int end) method removes characters from the specified start index (inclusive) to end index (exclusive). There's also deleteCharAt(int index) to remove a single character.",Java basics,,
230,What is the purpose of the Iterator interface in Java?,To create objects,To provide a way to access elements of a collection sequentially,To sort collections,To compare objects,B,"Iterator interface provides a standard way to traverse (access elements sequentially) through collections like ArrayList, HashSet, etc., without exposing the underlying implementation details.",Collections,,
231,Which method checks if there are more elements in an Iterator?,hasNext(),hasMore(),next(),available(),A,"The hasNext() method returns true if there are more elements to iterate over, false otherwise. It should be called before next() to avoid NoSuchElementException.",Collections,,
232,What does the next() method do in an Iterator?,Returns the current element,Returns the next element and advances the iterator,Checks if next element exists,Skips the next element,B,"The next() method returns the next element in the iteration and advances the iterator position. If no more elements exist, it throws NoSuchElementException.",Collections,,
233,Which method is used to remove an element during iteration?,delete(),remove(),erase(),clear(),B,The remove() method removes the last element returned by next() from the underlying collection. It can only be called once per call to next() and must be called after next().,Collections,,
234,What exception is thrown when calling next() on an Iterator with no more elements?,IllegalStateException,IndexOutOfBoundsException,NoSuchElementException,NullPointerException,C,NoSuchElementException is thrown when next() is called on an Iterator that has no more elements. Always use hasNext() to check before calling next().,Collections,,
235,Which type of Iterator allows bidirectional traversal?,Iterator,ListIterator,BidirectionalIterator,ReverseIterator,B,"ListIterator extends Iterator and provides bidirectional traversal with additional methods like hasPrevious(), previous(), and the ability to add/set elements during iteration.",Collections,,
236,What is the advantage of using Iterator over index-based loops?,Iterator is faster,Iterator works with all Collection types,Iterator uses less memory,Iterator is easier to write,B,"Iterator works uniformly with all Collection implementations (ArrayList, LinkedList, HashSet, etc.), while index-based access only works with indexed collections like List implementations.",Collections,,
237,Can you modify a collection while iterating with a regular for-each loop?,"Yes, always safe","No, throws ConcurrentModificationException","Yes, but only additions","Yes, but only deletions",B,Modifying a collection during for-each iteration (except through Iterator.remove()) throws ConcurrentModificationException. Use Iterator.remove() for safe removal during iteration.,Collections,,
238,What is the difference between fail-fast and fail-safe iterators?,"Fail-fast detects concurrent modification, fail-safe doesn't","Fail-safe detects concurrent modification, fail-fast doesn't",Both detect concurrent modification,Neither detects concurrent modification,A,"Fail-fast iterators (like those from ArrayList, HashMap) immediately throw ConcurrentModificationException if collection is modified during iteration. Fail-safe iterators (like ConcurrentHashMap) work on a copy and don't throw exceptions.",Collections,,
239,Which StringBuffer method is used to reverse the contents?,reverse(),flip(),invert(),backwards(),A,"The reverse() method reverses the sequence of characters in the StringBuffer. For example, 'Hello' becomes 'olleH'. It modifies the StringBuffer in place and returns the same object for method chaining.",Java basics,,
240,Which method is specific to ArrayList and not part of the List interface?,trimToSize(),add(),remove(),get(),A,trimToSize() is specific to ArrayList and reduces the capacity of the ArrayList to its current size. This method is not part of the List interface but is an ArrayList-specific optimization method.,Collections,,
241,Which method is specific to LinkedList for adding elements at the beginning?,addFirst(),add(),insert(),prepend(),A,addFirst() is specific to LinkedList (implements Deque) and adds an element at the beginning of the list. This method is not available in ArrayList as it doesn't implement Deque interface.,Collections,,
242,Which method is specific to HashSet for checking the load factor?,getLoadFactor(),loadFactor(),capacity(),No such method exists,D,"HashSet doesn't provide a public method to check the load factor. The load factor is an internal parameter used for rehashing, but it's not exposed through public methods in HashSet.",Collections,,
243,Which method is specific to TreeSet for getting elements in a range?,subSet(),range(),between(),filter(),A,"subSet(E fromElement, E toElement) is specific to TreeSet (implements NavigableSet) and returns a view of the portion of the set whose elements range from fromElement to toElement. This method is not available in HashSet.",Collections,,
244,Which method is specific to HashMap for checking if it contains a specific value efficiently?,containsValue(),hasValue(),findValue(),searchValue(),A,"containsValue() is available in HashMap but it's not efficient (O(n) time complexity) as it requires scanning all values. HashMap is optimized for key-based operations, not value-based operations.",Collections,,
245,Which method is specific to TreeMap for getting the first (lowest) key?,firstKey(),getFirst(),minKey(),lowestKey(),A,firstKey() is specific to TreeMap (implements NavigableMap) and returns the first (lowest) key in the map. This method is not available in HashMap as it doesn't maintain order.,Collections,,
246,Which method is specific to PriorityQueue for examining the head without removing it?,peek(),front(),head(),top(),A,"peek() is part of the Queue interface and returns the head of the queue without removing it. In PriorityQueue, this returns the element with highest priority according to the comparator or natural ordering.",Collections,,
247,Which method is specific to ArrayDeque for adding elements at both ends?,addFirst() and addLast(),pushFront() and pushBack(),insertFirst() and insertLast(),prependAdd() and appendAdd(),A,addFirst() and addLast() are methods from the Deque interface implemented by ArrayDeque. These methods allow efficient addition of elements at both ends of the deque.,Collections,,
248,Which LinkedList method removes and returns the first element?,removeFirst(),deleteFirst(),popFirst(),extractFirst(),A,removeFirst() is specific to LinkedList (implements Deque) and removes and returns the first element. This method throws NoSuchElementException if the list is empty.,Collections,,
249,Which TreeSet method returns the greatest element less than the given element?,lower(),previous(),before(),smaller(),A,"lower(E e) is specific to TreeSet (implements NavigableSet) and returns the greatest element strictly less than the given element, or null if no such element exists.",Collections,,
250,Which Vector method is synchronized and specific to Vector class?,addElement(),add(),insert(),append(),A,"addElement() is a legacy method specific to Vector class that adds an element to the end. While Vector's add() method is also synchronized, addElement() is Vector-specific and not part of the List interface.",Collections,,
251,Which LinkedHashSet characteristic makes it different from HashSet?,Maintains insertion order,Faster access,Smaller memory footprint,Automatic sorting,A,"LinkedHashSet maintains the insertion order of elements using a doubly-linked list, while HashSet doesn't guarantee any order. This makes LinkedHashSet useful when you need a Set with predictable iteration order.",Collections,,
252,Which method is specific to EnumSet for creating sets with enum ranges?,range(),between(),from(),of(),A,"EnumSet.range(E from, E to) creates an enum set containing all elements in the range from 'from' to 'to' inclusive. This is specific to EnumSet and works only with enum types.",Collections,,
253,Which method is specific to WeakHashMap for manual garbage collection triggering?,No such method exists,gc(),cleanup(),purge(),A,WeakHashMap doesn't provide a public method to manually trigger cleanup of stale entries. The cleanup happens automatically during normal operations when weak references are garbage collected.,Collections,,
254,Which Hashtable method is synchronized and legacy-specific?,elements(),values(),getValues(),allValues(),A,"elements() is a legacy method specific to Hashtable that returns an enumeration of values. While values() is the preferred method, elements() is Hashtable-specific and synchronized.",Collections,,
255,Which method is specific to ConcurrentHashMap for atomic operations?,putIfAbsent(),addIfMissing(),insertIfEmpty(),setIfNull(),A,"putIfAbsent(K key, V value) is specific to ConcurrentHashMap and atomically puts a value only if the key is not already present. This method is thread-safe and returns the previous value or null.",Collections,,
256,What will be the output of this code?,"x = 5, y = 5","x = 6, y = 5","x = 6, y = 6",Compilation error,C,The pre-increment operator ++x increments x first (making it 6) then returns the new value. So y gets the value 6. Both x and y will be 6.,Java Programming,coding,images/code-question-256.jpg
257,Which OOP principle allows a subclass to provide a specific implementation of a method that is already defined in its parent class?,Encapsulation,Inheritance,Polymorphism,Abstraction,C,"Polymorphism allows a subclass to override methods from the parent class, providing specific implementations. This is achieved through method overriding at runtime.",OOP Concepts,,
258,What is the difference between method overloading and method overriding in Java?,"Overloading is compile-time, overriding is runtime","Overloading is runtime, overriding is compile-time",Both are compile-time,Both are runtime,A,"Method overloading is resolved at compile-time (static polymorphism) based on method signatures, while method overriding is resolved at runtime (dynamic polymorphism) based on the actual object type.",OOP Concepts,,
259,Which keyword is used to prevent a class from being inherited in Java?,private,static,final,abstract,C,"The 'final' keyword when applied to a class prevents it from being inherited. Examples include String, Integer, and other wrapper classes that are final classes.",OOP Concepts,,
260,What is the purpose of the 'super' keyword in Java?,To call parent class constructors and methods,To create new objects,To define static methods,To implement interfaces,A,The 'super' keyword is used to refer to the immediate parent class object. It can call parent class constructors (super()) and access parent class methods and variables that are overridden in the child class.,OOP Concepts,,
261,What will be the output of this encapsulation example?,"Name: null, Age: 0","Name: John, Age: 25",Compilation error,Runtime error,B,"The code demonstrates proper encapsulation with private fields and public getter/setter methods. The setter validates the age, and since 25 is valid (>0), both name and age are set correctly.",Java Programming,coding,images/code-question-261.jpg
262,What will be the output of this inheritance example?,"Animal speaks, Dog barks","Dog barks, Animal speaks","Dog barks, Dog barks",Compilation error,A,"The code demonstrates inheritance where Dog extends Animal. The super.speak() call invokes the parent class method first, then the child class method executes, resulting in 'Animal speaks' followed by 'Dog barks'.",Java Programming,coding,images/code-question-262.jpg
263,What will be the output of this polymorphism example?,"Animal makes sound, Dog barks","Dog barks, Cat meows",Animal makes sound twice,Compilation error,B,"This demonstrates runtime polymorphism. Although declared as Animal references, the actual objects are Dog and Cat. At runtime, the overridden makeSound() methods in Dog and Cat classes are called, not the Animal class method.",Java Programming,coding,images/code-question-263.jpg
264,What will be the output of this abstraction example?,Circle area: 78.54,Shape area: 0.0,Compilation error,Runtime error,A,"The code demonstrates abstraction using an abstract class. The concrete Circle class implements the abstract calculateArea() method. Math.PI * 5 * 5 = 78.54 (approximately), which gets printed by the displayArea() method.",Java Programming,coding,images/code-question-264.jpg
265,What will be the output of this interface implementation example?,"Flying at 100 km/h, Swimming at 50 km/h","Swimming at 50 km/h, Flying at 100 km/h",Compilation error,Only Flying at 100 km/h,A,"The Duck class implements both Flyable and Swimmable interfaces. When methods are called on the Duck object, both fly() and swim() methods execute in the order they are called, demonstrating multiple interface implementation.",Java Programming,coding,images/code-question-265.jpg
266,Which of the following is the correct way to create a thread in Java using Runnable?,Thread t = new Thread(); t.run();,Runnable r = new Runnable(); r.start();,"Thread t = new Thread(new Runnable() { public void run() { System.out.println(Running""); } }); t.start();""","Runnable r = () -> System.out.println(Running""); r.start();""",C,"To create and start a thread using Runnable: 1) Create a Thread object passing the Runnable implementation to the constructor, 2) Call start() on the Thread object (not the Runnable). Option A calls run() instead of start(), Option B tries to call start() on Runnable (which doesn't have this method), Option D tries to call start() on a lambda expression directly.",Concurrency,,
267,What method must be implemented when a class implements Runnable?,start(),run(),execute(),launch(),B,"When implementing the Runnable interface, you must provide an implementation of the run() method. This method contains the code that will be executed when the thread runs. The start() method belongs to the Thread class, not Runnable. The execute() and launch() methods are not part of the Runnable interface.",Concurrency,,
268,Which of the following is NOT a valid way to start a thread?,new Thread(new MyRunnable()).start();,new MyRunnable().run();,Thread t = new Thread(myRunnable); t.start();,"Thread t = new Thread(() -> System.out.println(Hello"")); t.start();""",B,"Option B calls the run() method directly on the Runnable object, which executes the code in the current thread rather than starting a new thread. To start a new thread, you must call start() on a Thread object. Options A, C, and D all correctly create Thread objects and call start() to begin new thread execution.",Concurrency,,
269,What is the purpose of the Thread.sleep() method?,To destroy the thread,To make the thread wait for a lock,To pause the current thread for a specified time,To stop the thread permanently,C,"Thread.sleep() causes the currently executing thread to pause for a specified number of milliseconds. The thread enters the TIMED_WAITING state and will resume execution after the sleep period expires or if interrupted. It does not destroy, stop, or wait for locks - it simply pauses execution temporarily.",Concurrency,,
270,Which interface allows a class to be executed by a thread?,Thread,Executor,Runnable,Callable,C,"The Runnable interface allows a class to be executed by a thread. It defines a single method run() that contains the code to be executed. Thread is a class, not an interface. Executor is for managing thread execution but doesn't make a class executable. Callable is similar to Runnable but returns a result and can throw exceptions.",Concurrency,,
271,What happens if you call run() instead of start() on a thread?,A new thread is created,The JVM throws an exception,The code runs in the current thread,The thread is paused,C,"Calling run() directly executes the thread's code in the current thread (the caller's thread), not in a new thread. This means no concurrent execution occurs. To achieve true multithreading, you must call start(), which creates a new thread and then calls run() within that new thread context. Calling run() directly is just a normal method call.",Concurrency,,
272,Which of the following will cause a race condition when accessed from multiple threads?,A local variable inside run(),A static final constant,A shared non-synchronized variable,A volatile variable,C,"A shared non-synchronized variable can cause race conditions because multiple threads can read and write to it concurrently without proper synchronization. Local variables are thread-safe (each thread has its own stack), static final constants are immutable, and volatile variables provide visibility guarantees that help prevent certain race conditions.",Concurrency,,
273,What is true about daemon threads in Java?,They block the JVM from shutting down,They are used for file I/O,They run in the background and do not prevent JVM from exiting,They have higher priority than user threads,C,"Daemon threads are background threads that do not prevent the JVM from exiting when all user (non-daemon) threads have finished. Examples include garbage collector threads. When only daemon threads remain running, the JVM will shut down. You can set a thread as daemon using setDaemon(true) before starting it.",Concurrency,,
274,What are the implicit modifiers for methods declared in an interface?,private abstract,protected abstract,public abstract,package-private abstract,C,"Methods declared in an interface are implicitly public and abstract by default. You don't need to explicitly specify these modifiers - the compiler automatically treats all interface methods as public abstract unless they are default, static, or private methods (introduced in Java 8 and 9). This is why implementing classes must use public access when overriding interface methods.",OOP Concepts,,
275,What are the implicit modifiers for variables declared in an interface?,private static final,protected static final,public static final,package-private static final,C,"Variables declared in an interface are implicitly public, static, and final. This means they are constants that belong to the interface itself (not instances) and are accessible from anywhere. You must initialize them at declaration since they are final. These are essentially compile-time constants shared by all implementing classes.",OOP Concepts,,
276,What will be the output of the following code?,Thread is running,Compilation error,Runtime exception,No output,A,"The code creates a MyRunnable object that implements Runnable, creates a Thread with this object, and calls start(). This will create a new thread that executes the run() method, printing 'Thread is running'. The start() method properly creates a new thread and calls run() within that thread context.",Java Programming,coding,/images/code-question-276.jpg
277,What will happen when this code is executed?,Runnable with Lambda,Compilation error,Runtime exception,Creates a new thread,A,"The code creates a lambda expression that implements Runnable and directly calls run() on it. Since run() is called directly (not through start()), it executes in the main thread, not a new thread. The lambda expression simply prints 'Runnable with Lambda'. No new thread is created.",Java Programming,coding,/images/code-question-277.jpg
278,What will be the output of this program?,Final count: 2000,Final count: 1000,Final count: unpredictable (race condition),Compilation error,C,This code demonstrates a race condition. Two threads (t1 and t2) are incrementing the same shared variable 'count' concurrently without synchronization. The final count will be unpredictable and likely less than 2000 because the increment operation (count++) is not atomic. Multiple threads reading and writing the same variable simultaneously causes data corruption.,Java Programming,coding,/images/code-question-278.jpg
279,What will this code print?,Hello from MyThread,Hello from main,Hello from Thread-0,Compilation error,A,"The code creates a thread using lambda expression, sets its name to 'MyThread' using setName(), and starts it. Inside the lambda, Thread.currentThread().getName() returns the name of the currently executing thread, which is 'MyThread'. So it prints 'Hello from MyThread'.",Java Programming,coding,/images/code-question-279.jpg
280,What is the output of this code with thread priorities?,"Always: Thread 1, then Thread 2","Always: Thread 2, then Thread 1",Output order is unpredictable,Compilation error,C,"Thread priorities are hints to the thread scheduler, not guarantees. Even though t2 has MAX_PRIORITY and t1 has MIN_PRIORITY, the actual execution order depends on the OS scheduler and is unpredictable. Both threads might run concurrently or in any order. Priority doesn't guarantee execution order in short-running threads.",Java Programming,coding,/images/code-question-280.jpg
281,What happens in this code?,Infinite loop continues running,"Main thread ending, then program terminates",Compilation error,Runtime exception,B,"The thread is set as a daemon thread using setDaemon(true). Daemon threads don't prevent the JVM from exiting when all non-daemon threads finish. The main thread prints 'Main thread ending' and exits. Since only the daemon thread with infinite loop remains, the JVM terminates the program. The daemon thread stops when the JVM exits.",Java Programming,coding,/images/code-question-281.jpg
282,What will be the output of this lambda stream code?,"[4, 8]","[2, 4]","[1, 2, 3, 4, 5]",Compilation error,A,"The code creates a stream from Arrays.asList(1,2,3,4,5), filters even numbers using lambda (n -> n % 2 == 0) which gives [2,4], then maps each to double using lambda (n -> n * 2) which gives [4,8], and collects to list. Final result: [4, 8].",Java Programming,coding,/images/code-question-282.jpg
283,What will this functional interface lambda code output?,15,10,25,Compilation error,A,"The code defines a functional interface Calculator with method add(), creates a lambda expression that implements this interface by adding two numbers, then calls calc.add(5, 10) which returns 5 + 10 = 15. The lambda (a, b) -> a + b implements the single abstract method of the functional interface.",Java Programming,coding,/images/code-question-283.jpg
284,What is the output of this method reference code?,HELLO WORLD,hello world,Hello World,Compilation error,A,"The code creates a stream from Arrays.asList('hello', 'world'), uses method reference String::toUpperCase to convert each string to uppercase, and collects to list. Method reference String::toUpperCase is equivalent to lambda s -> s.toUpperCase(). Result: ['HELLO', 'WORLD'], printed as [HELLO, WORLD].",Java Programming,coding,/images/code-question-284.jpg
285,What will this Optional with lambda code print?,Present: John,Empty,John,Compilation error,A,"The code creates Optional.of('John') which contains the value 'John'. The ifPresent() method takes a lambda that executes only if the Optional contains a value. Since 'John' is present, the lambda name -> System.out.println('Present: ' + name) executes, printing 'Present: John'.",Java Programming,coding,/images/code-question-285.jpg
286,Will this generic wildcard code compile?,"Yes, compiles successfully","No, compilation error at line 4","No, compilation error at line 6","No, compilation error at line 8",B,"The code fails at line 4 because you cannot add elements to a List<? extends Number>. The wildcard '? extends Number' makes the list producer-only (PECS rule). While you can read from it as Number, you cannot add any specific type because the compiler doesn't know the exact type. Line 4 tries to add Integer 10 to a wildcard list, which violates type safety.",Java Programming,coding,/images/code-question-286.jpg
287,Will this lambda type inference code compile?,"Yes, compiles and runs normally","No, compilation error - cannot infer types","No, compilation error - incompatible return types","No, compilation error - lambda ambiguity",D,"The code fails due to lambda ambiguity. Both process(Function<String,Integer>) and process(Function<String,String>) methods match the lambda expression s -> s.length() + """". The compiler cannot determine which overloaded method to call because the lambda could return either Integer or String depending on context. This creates ambiguous method resolution, requiring explicit casting or method reference to resolve.",Java Programming,coding,/images/code-question-287.jpg
288,"Which annotation is used to indicate that a method parameter should be bound to a web request parameter?",@RequestParam,@PathVariable,@ModelAttribute,@SessionAttribute,A,"@RequestParam is used to bind method parameters to web request parameters.",Spring Boot,,
289,"What does the @Retention(RetentionPolicy.SOURCE) annotation mean?","Annotation is retained at runtime","Annotation is retained in class files","Annotation is discarded after compilation","Annotation is retained forever",C,"SOURCE retention means the annotation is discarded by the compiler and not retained in class files.",Spring Boot,,
290,"Which ElementType allows an annotation to be applied to method parameters?",ElementType.METHOD,ElementType.PARAMETER,ElementType.FIELD,ElementType.TYPE,B,"ElementType.PARAMETER allows annotations to be applied to method parameters.",Spring Boot,,
291,"What is the default retention policy for annotations in Java?",SOURCE,CLASS,RUNTIME,FOREVER,B,"The default retention policy is CLASS if no @Retention annotation is specified.",Spring Boot,,
292,"What happens when you try to create a custom annotation that validates method return types at runtime?","Compilation error","Runtime exception","Works perfectly","Depends on the reflection usage",D,"The answer depends on how you implement the validation using reflection and when you check the annotations.",Spring Boot,coding,/images/code-question-292.jpg
293,"How would you implement a custom annotation processor that generates code at compile time for dependency injection patterns?","Use Runtime reflection only","Implement AbstractProcessor with @SupportedAnnotationTypes","Use only @Retention(RUNTIME)","Impossible in Java",B,"Custom annotation processors extend AbstractProcessor and use @SupportedAnnotationTypes to process annotations at compile time.",Spring Boot,coding,/images/code-question-293.jpg
